source_id,sex,age_months,measure,line,value,method,est_error
antonius2008,girls,0,length,+2SD,50.093,digitized+pinned,0.008
antonius2008,girls,0,length,+1SD,46.968,digitized+pinned,0.008
antonius2008,girls,0,length,mean,43.000,digitized+pinned,0.008
antonius2008,girls,0,length,-1SD,40.402,digitized+pinned,0.008
antonius2008,girls,0,length,-2SD,36.926,digitized+pinned,0.008
antonius2008,girls,3,length,+2SD,59.892,digitized,0.008
antonius2008,girls,3,length,+1SD,56.802,digitized,0.008
antonius2008,girls,3,length,mean,53.291,digitized,0.008
antonius2008,girls,3,length,-1SD,50.716,digitized,0.008
antonius2008,girls,3,length,-2SD,47.65,digitized,0.008
antonius2008,girls,6,length,+2SD,64.434,digitized,0.008
antonius2008,girls,6,length,+1SD,61.203,digitized,0.008
antonius2008,girls,6,length,mean,57.622,digitized,0.008
antonius2008,girls,6,length,-1SD,54.86,digitized,0.008
antonius2008,girls,6,length,-2SD,51.606,digitized,0.008
antonius2008,girls,9,length,+2SD,68.272,digitized,0.008
antonius2008,girls,9,length,+1SD,64.855,digitized,0.008
antonius2008,girls,9,length,mean,61.133,digitized,0.008
antonius2008,girls,9,length,-1SD,58.09,digitized,0.008
antonius2008,girls,9,length,-2SD,54.766,digitized,0.008
antonius2008,girls,12,length,+2SD,71.573,digitized,0.008
antonius2008,girls,12,length,+1SD,68.062,digitized,0.008
antonius2008,girls,12,length,mean,64.176,digitized,0.008
antonius2008,girls,12,length,-1SD,60.946,digitized,0.008
antonius2008,girls,12,length,-2SD,57.341,digitized,0.008
antonius2008,girls,15,length,+2SD,74.522,digitized,0.008
antonius2008,girls,15,length,+1SD,70.801,digitized,0.008
antonius2008,girls,15,length,mean,66.798,digitized,0.008
antonius2008,girls,15,length,-1SD,63.357,digitized,0.008
antonius2008,girls,15,length,-2SD,59.6,digitized,0.008
antonius2008,girls,18,length,+2SD,77.296,digitized,0.008
antonius2008,girls,18,length,+1SD,73.399,digitized,0.008
antonius2008,girls,18,length,mean,69.221,digitized,0.008
antonius2008,girls,18,length,-1SD,65.604,digitized,0.008
antonius2008,girls,18,length,-2SD,61.636,digitized,0.008
antonius2008,girls,21,length,+2SD,79.86,digitized,0.008
antonius2008,girls,21,length,+1SD,75.787,digitized,0.008
antonius2008,girls,21,length,mean,71.433,digitized,0.008
antonius2008,girls,21,length,-1SD,67.57,digitized,0.008
antonius2008,girls,21,length,-2SD,63.497,digitized,0.008
antonius2008,girls,24,length,+2SD,82.212,digitized,0.008
antonius2008,girls,24,length,+1SD,77.963,digitized,0.008
antonius2008,girls,24,length,mean,73.469,digitized,0.008
antonius2008,girls,24,length,-1SD,69.396,digitized,0.008
antonius2008,girls,24,length,-2SD,65.147,digitized,0.008
antonius2008,girls,27,length,+2SD,84.588,digitized,0.008
antonius2008,girls,27,length,+1SD,80.14,digitized,0.008
antonius2008,girls,27,length,mean,75.435,digitized,0.008
antonius2008,girls,27,length,-1SD,71.199,digitized,0.008
antonius2008,girls,27,length,-2SD,66.751,digitized,0.008
antonius2008,girls,30,length,+2SD,86.812,digitized,0.008
antonius2008,girls,30,length,+1SD,82.177,digitized,0.008
antonius2008,girls,30,length,mean,77.378,digitized,0.008
antonius2008,girls,30,length,-1SD,72.907,digitized,0.008
antonius2008,girls,30,length,-2SD,68.272,digitized,0.008
antonius2008,girls,33,length,+2SD,88.942,digitized,0.008
antonius2008,girls,33,length,+1SD,84.167,digitized,0.008
antonius2008,girls,33,length,mean,79.134,digitized,0.008
antonius2008,girls,33,length,-1SD,74.569,digitized,0.008
antonius2008,girls,33,length,-2SD,69.747,digitized,0.008
antonius2008,girls,36,length,+2SD,91.096,digitized,0.008
antonius2008,girls,36,length,+1SD,86.039,digitized,0.008
antonius2008,girls,36,length,mean,80.843,digitized,0.008
antonius2008,girls,36,length,-1SD,76.067,digitized,0.008
antonius2008,girls,36,length,-2SD,71.152,digitized,0.008
antonius2008,girls,39,length,+2SD,92.968,digitized,0.008
antonius2008,girls,39,length,+1SD,87.818,digitized,0.008
antonius2008,girls,39,length,mean,82.481,digitized,0.008
antonius2008,girls,39,length,-1SD,77.519,digitized,0.008
antonius2008,girls,39,length,-2SD,72.392,digitized,0.008
antonius2008,girls,42,length,+2SD,94.993,digitized,0.008
antonius2008,girls,42,length,+1SD,89.621,digitized,0.008
antonius2008,girls,42,length,mean,84.143,digitized,0.008
antonius2008,girls,42,length,-1SD,78.982,digitized,0.008
antonius2008,girls,42,length,-2SD,73.68,digitized,0.008
antonius2008,girls,45,length,+2SD,96.667,digitized,0.008
antonius2008,girls,45,length,+1SD,91.18,digitized,0.008
antonius2008,girls,45,length,mean,85.524,digitized,0.008
antonius2008,girls,45,length,-1SD,80.187,digitized,0.008
antonius2008,girls,45,length,-2SD,74.803,digitized,0.008
antonius2008,girls,48,length,+2SD,98.469,digitized,0.008
antonius2008,girls,48,length,+1SD,92.781,digitized,0.008
antonius2008,girls,48,length,mean,87.022,digitized,0.008
antonius2008,girls,48,length,-1SD,81.545,digitized,0.008
antonius2008,girls,48,length,-2SD,75.927,digitized,0.008
antonius2008,boys,0,length,+2SD,47.135,digitized+pinned,0.019
antonius2008,boys,0,length,+1SD,44.283,digitized+pinned,0.019
antonius2008,boys,0,length,mean,41.500,digitized+pinned,0.019
antonius2008,boys,0,length,-1SD,38.648,digitized+pinned,0.019
antonius2008,boys,0,length,-2SD,35.830,digitized+pinned,0.019
antonius2008,boys,3,length,+2SD,60.404,digitized,0.019
antonius2008,boys,3,length,+1SD,56.878,digitized,0.019
antonius2008,boys,3,length,mean,53.33,digitized,0.019
antonius2008,boys,3,length,-1SD,49.875,digitized,0.019
antonius2008,boys,3,length,-2SD,46.373,digitized,0.019
antonius2008,boys,6,length,+2SD,66.978,digitized,0.019
antonius2008,boys,6,length,+1SD,63.082,digitized,0.019
antonius2008,boys,6,length,mean,59.186,digitized,0.019
antonius2008,boys,6,length,-1SD,55.429,digitized,0.019
antonius2008,boys,6,length,-2SD,51.533,digitized,0.019
antonius2008,boys,9,length,+2SD,71.674,digitized,0.019
antonius2008,boys,9,length,+1SD,67.57,digitized,0.019
antonius2008,boys,9,length,mean,63.349,digitized,0.019
antonius2008,boys,9,length,-1SD,59.36,digitized,0.019
antonius2008,boys,9,length,-2SD,55.255,digitized,0.019
antonius2008,boys,12,length,+2SD,75.292,digitized,0.019
antonius2008,boys,12,length,+1SD,70.979,digitized,0.019
antonius2008,boys,12,length,mean,66.526,digitized,0.019
antonius2008,boys,12,length,-1SD,62.421,digitized,0.019
antonius2008,boys,12,length,-2SD,58.038,digitized,0.019
antonius2008,boys,15,length,+2SD,78.179,digitized,0.019
antonius2008,boys,15,length,+1SD,73.762,digitized,0.019
antonius2008,boys,15,length,mean,69.135,digitized,0.019
antonius2008,boys,15,length,-1SD,64.856,digitized,0.019
antonius2008,boys,15,length,-2SD,60.369,digitized,0.019
antonius2008,boys,18,length,+2SD,80.719,digitized,0.019
antonius2008,boys,18,length,+1SD,76.127,digitized,0.019
antonius2008,boys,18,length,mean,71.396,digitized,0.019
antonius2008,boys,18,length,-1SD,66.943,digitized,0.019
antonius2008,boys,18,length,-2SD,62.352,digitized,0.019
antonius2008,boys,21,length,+2SD,83.038,digitized,0.019
antonius2008,boys,21,length,+1SD,78.33,digitized,0.019
antonius2008,boys,21,length,mean,73.483,digitized,0.019
antonius2008,boys,21,length,-1SD,68.915,digitized,0.019
antonius2008,boys,21,length,-2SD,64.184,digitized,0.019
antonius2008,boys,24,length,+2SD,84.94,digitized,0.019
antonius2008,boys,24,length,+1SD,80.139,digitized,0.019
antonius2008,boys,24,length,mean,75.13,digitized,0.019
antonius2008,boys,24,length,-1SD,70.538,digitized,0.019
antonius2008,boys,24,length,-2SD,65.714,digitized,0.019
antonius2008,boys,27,length,+2SD,86.841,digitized,0.019
antonius2008,boys,27,length,+1SD,81.902,digitized,0.019
antonius2008,boys,27,length,mean,76.823,digitized,0.019
antonius2008,boys,27,length,-1SD,72.092,digitized,0.019
antonius2008,boys,27,length,-2SD,67.152,digitized,0.019
antonius2008,boys,30,length,+2SD,88.488,digitized,0.019
antonius2008,boys,30,length,+1SD,83.479,digitized,0.019
antonius2008,boys,30,length,mean,78.261,digitized,0.019
antonius2008,boys,30,length,-1SD,73.46,digitized,0.019
antonius2008,boys,30,length,-2SD,68.474,digitized,0.019
antonius2008,boys,33,length,+2SD,90.042,digitized,0.019
antonius2008,boys,33,length,+1SD,84.963,digitized,0.019
antonius2008,boys,33,length,mean,79.675,digitized,0.019
antonius2008,boys,33,length,-1SD,74.805,digitized,0.019
antonius2008,boys,33,length,-2SD,69.726,digitized,0.019
antonius2008,boys,36,length,+2SD,91.433,digitized,0.019
antonius2008,boys,36,length,+1SD,86.262,digitized,0.019
antonius2008,boys,36,length,mean,80.928,digitized,0.019
antonius2008,boys,36,length,-1SD,75.965,digitized,0.019
antonius2008,boys,36,length,-2SD,70.816,digitized,0.019
antonius2008,boys,39,length,+2SD,92.778,digitized,0.019
antonius2008,boys,39,length,+1SD,87.56,digitized,0.019
antonius2008,boys,39,length,mean,82.087,digitized,0.019
antonius2008,boys,39,length,-1SD,77.124,digitized,0.019
antonius2008,boys,39,length,-2SD,71.86,digitized,0.019
antonius2008,boys,42,length,+2SD,94.007,digitized,0.019
antonius2008,boys,42,length,+1SD,88.72,digitized,0.019
antonius2008,boys,42,length,mean,83.189,digitized,0.019
antonius2008,boys,42,length,-1SD,78.145,digitized,0.019
antonius2008,boys,42,length,-2SD,72.857,digitized,0.019
antonius2008,boys,45,length,+2SD,95.19,digitized,0.019
antonius2008,boys,45,length,+1SD,89.856,digitized,0.019
antonius2008,boys,45,length,mean,84.267,digitized,0.019
antonius2008,boys,45,length,-1SD,79.119,digitized,0.019
antonius2008,boys,45,length,-2SD,73.785,digitized,0.019
antonius2008,boys,48,length,+2SD,96.373,digitized,0.019
antonius2008,boys,48,length,+1SD,90.946,digitized,0.019
antonius2008,boys,48,length,mean,85.241,digitized,0.019
antonius2008,boys,48,length,-1SD,80.093,digitized,0.019
antonius2008,boys,48,length,-2SD,74.666,digitized,0.019
antonius2008,girls,0,weight,+2SD,2.887,digitized+pinned,0.002
antonius2008,girls,0,weight,+1SD,2.293,digitized+pinned,0.002
antonius2008,girls,0,weight,mean,1.900,digitized+pinned,0.002
antonius2008,girls,0,weight,-1SD,1.292,digitized+pinned,0.002
antonius2008,girls,0,weight,-2SD,0.982,digitized+pinned,0.002
antonius2008,girls,3,weight,+2SD,4.655,digitized,0.002
antonius2008,girls,3,weight,+1SD,4.076,digitized,0.002
antonius2008,girls,3,weight,mean,3.505,digitized,0.002
antonius2008,girls,3,weight,-1SD,2.931,digitized,0.002
antonius2008,girls,3,weight,-2SD,2.356,digitized,0.002
antonius2008,girls,6,weight,+2SD,5.556,digitized,0.002
antonius2008,girls,6,weight,+1SD,4.931,digitized,0.002
antonius2008,girls,6,weight,mean,4.302,digitized,0.002
antonius2008,girls,6,weight,-1SD,3.676,digitized,0.002
antonius2008,girls,6,weight,-2SD,3.044,digitized,0.002
antonius2008,girls,9,weight,+2SD,6.233,digitized,0.002
antonius2008,girls,9,weight,+1SD,5.575,digitized,0.002
antonius2008,girls,9,weight,mean,4.92,digitized,0.002
antonius2008,girls,9,weight,-1SD,4.255,digitized,0.002
antonius2008,girls,9,weight,-2SD,3.589,digitized,0.002
antonius2008,girls,12,weight,+2SD,6.844,digitized,0.002
antonius2008,girls,12,weight,+1SD,6.153,digitized,0.002
antonius2008,girls,12,weight,mean,5.469,digitized,0.002
antonius2008,girls,12,weight,-1SD,4.778,digitized,0.002
antonius2008,girls,12,weight,-2SD,4.084,digitized,0.002
antonius2008,girls,15,weight,+2SD,7.36,digitized,0.002
antonius2008,girls,15,weight,+1SD,6.647,digitized,0.002
antonius2008,girls,15,weight,mean,5.945,digitized,0.002
antonius2008,girls,15,weight,-1SD,5.229,digitized,0.002
antonius2008,girls,15,weight,-2SD,4.524,digitized,0.002
antonius2008,girls,18,weight,+2SD,7.84,digitized,0.002
antonius2008,girls,18,weight,+1SD,7.12,digitized,0.002
antonius2008,girls,18,weight,mean,6.389,digitized,0.002
antonius2008,girls,18,weight,-1SD,5.665,digitized,0.002
antonius2008,girls,18,weight,-2SD,4.945,digitized,0.002
antonius2008,girls,21,weight,+2SD,8.276,digitized,0.002
antonius2008,girls,21,weight,+1SD,7.535,digitized,0.002
antonius2008,girls,21,weight,mean,6.8,digitized,0.002
antonius2008,girls,21,weight,-1SD,6.058,digitized,0.002
antonius2008,girls,21,weight,-2SD,5.316,digitized,0.002
antonius2008,girls,24,weight,+2SD,8.676,digitized,0.002
antonius2008,girls,24,weight,+1SD,7.931,digitized,0.002
antonius2008,girls,24,weight,mean,7.182,digitized,0.002
antonius2008,girls,24,weight,-1SD,6.429,digitized,0.002
antonius2008,girls,24,weight,-2SD,5.676,digitized,0.002
antonius2008,girls,27,weight,+2SD,9.076,digitized,0.002
antonius2008,girls,27,weight,+1SD,8.316,digitized,0.002
antonius2008,girls,27,weight,mean,7.556,digitized,0.002
antonius2008,girls,27,weight,-1SD,6.796,digitized,0.002
antonius2008,girls,27,weight,-2SD,6.033,digitized,0.002
antonius2008,girls,30,weight,+2SD,9.44,digitized,0.002
antonius2008,girls,30,weight,+1SD,8.669,digitized,0.002
antonius2008,girls,30,weight,mean,7.902,digitized,0.002
antonius2008,girls,30,weight,-1SD,7.131,digitized,0.002
antonius2008,girls,30,weight,-2SD,6.364,digitized,0.002
antonius2008,girls,33,weight,+2SD,9.8,digitized,0.002
antonius2008,girls,33,weight,+1SD,9.022,digitized,0.002
antonius2008,girls,33,weight,mean,8.236,digitized,0.002
antonius2008,girls,33,weight,-1SD,7.473,digitized,0.002
antonius2008,girls,33,weight,-2SD,6.687,digitized,0.002
antonius2008,girls,36,weight,+2SD,10.135,digitized,0.002
antonius2008,girls,36,weight,+1SD,9.345,digitized,0.002
antonius2008,girls,36,weight,mean,8.564,digitized,0.002
antonius2008,girls,36,weight,-1SD,7.778,digitized,0.002
antonius2008,girls,36,weight,-2SD,7.0,digitized,0.002
antonius2008,girls,39,weight,+2SD,10.462,digitized,0.002
antonius2008,girls,39,weight,+1SD,9.669,digitized,0.002
antonius2008,girls,39,weight,mean,8.876,digitized,0.002
antonius2008,girls,39,weight,-1SD,8.091,digitized,0.002
antonius2008,girls,39,weight,-2SD,7.302,digitized,0.002
antonius2008,girls,42,weight,+2SD,10.767,digitized,0.002
antonius2008,girls,42,weight,+1SD,9.967,digitized,0.002
antonius2008,girls,42,weight,mean,9.175,digitized,0.002
antonius2008,girls,42,weight,-1SD,8.389,digitized,0.002
antonius2008,girls,42,weight,-2SD,7.6,digitized,0.002
antonius2008,girls,45,weight,+2SD,11.065,digitized,0.002
antonius2008,girls,45,weight,+1SD,10.262,digitized,0.002
antonius2008,girls,45,weight,mean,9.458,digitized,0.002
antonius2008,girls,45,weight,-1SD,8.669,digitized,0.002
antonius2008,girls,45,weight,-2SD,7.876,digitized,0.002
antonius2008,girls,48,weight,+2SD,11.345,digitized,0.002
antonius2008,girls,48,weight,+1SD,10.538,digitized,0.002
antonius2008,girls,48,weight,mean,9.731,digitized,0.002
antonius2008,girls,48,weight,-1SD,8.935,digitized,0.002
antonius2008,girls,48,weight,-2SD,8.138,digitized,0.002
antonius2008,boys,0,weight,+2SD,3.293,digitized+pinned,0.003
antonius2008,boys,0,weight,+1SD,2.680,digitized+pinned,0.003
antonius2008,boys,0,weight,mean,2.100,digitized+pinned,0.003
antonius2008,boys,0,weight,-1SD,1.552,digitized+pinned,0.003
antonius2008,boys,0,weight,-2SD,1.070,digitized+pinned,0.003
antonius2008,boys,3,weight,+2SD,5.011,digitized,0.003
antonius2008,boys,3,weight,+1SD,4.281,digitized,0.003
antonius2008,boys,3,weight,mean,3.577,digitized,0.003
antonius2008,boys,3,weight,-1SD,2.883,digitized,0.003
antonius2008,boys,3,weight,-2SD,2.219,digitized,0.003
antonius2008,boys,6,weight,+2SD,6.022,digitized,0.003
antonius2008,boys,6,weight,+1SD,5.255,digitized,0.003
antonius2008,boys,6,weight,mean,4.489,digitized,0.003
antonius2008,boys,6,weight,-1SD,3.73,digitized,0.003
antonius2008,boys,6,weight,-2SD,2.982,digitized,0.003
antonius2008,boys,9,weight,+2SD,6.755,digitized,0.003
antonius2008,boys,9,weight,+1SD,5.962,digitized,0.003
antonius2008,boys,9,weight,mean,5.168,digitized,0.003
antonius2008,boys,9,weight,-1SD,4.369,digitized,0.003
antonius2008,boys,9,weight,-2SD,3.591,digitized,0.003
antonius2008,boys,12,weight,+2SD,7.325,digitized,0.003
antonius2008,boys,12,weight,+1SD,6.526,digitized,0.003
antonius2008,boys,12,weight,mean,5.708,digitized,0.003
antonius2008,boys,12,weight,-1SD,4.905,digitized,0.003
antonius2008,boys,12,weight,-2SD,4.088,digitized,0.003
antonius2008,boys,15,weight,+2SD,7.85,digitized,0.003
antonius2008,boys,15,weight,+1SD,7.04,digitized,0.003
antonius2008,boys,15,weight,mean,6.219,digitized,0.003
antonius2008,boys,15,weight,-1SD,5.398,digitized,0.003
antonius2008,boys,15,weight,-2SD,4.571,digitized,0.003
antonius2008,boys,18,weight,+2SD,8.261,digitized,0.003
antonius2008,boys,18,weight,+1SD,7.456,digitized,0.003
antonius2008,boys,18,weight,mean,6.635,digitized,0.003
antonius2008,boys,18,weight,-1SD,5.808,digitized,0.003
antonius2008,boys,18,weight,-2SD,4.976,digitized,0.003
antonius2008,boys,21,weight,+2SD,8.682,digitized,0.003
antonius2008,boys,21,weight,+1SD,7.869,digitized,0.003
antonius2008,boys,21,weight,mean,7.044,digitized,0.003
antonius2008,boys,21,weight,-1SD,6.219,digitized,0.003
antonius2008,boys,21,weight,-2SD,5.38,digitized,0.003
antonius2008,boys,24,weight,+2SD,9.033,digitized,0.003
antonius2008,boys,24,weight,+1SD,8.223,digitized,0.003
antonius2008,boys,24,weight,mean,7.409,digitized,0.003
antonius2008,boys,24,weight,-1SD,6.58,digitized,0.003
antonius2008,boys,24,weight,-2SD,5.745,digitized,0.003
antonius2008,boys,27,weight,+2SD,9.365,digitized,0.003
antonius2008,boys,27,weight,+1SD,8.555,digitized,0.003
antonius2008,boys,27,weight,mean,7.741,digitized,0.003
antonius2008,boys,27,weight,-1SD,6.916,digitized,0.003
antonius2008,boys,27,weight,-2SD,6.084,digitized,0.003
antonius2008,boys,30,weight,+2SD,9.684,digitized,0.003
antonius2008,boys,30,weight,+1SD,8.874,digitized,0.003
antonius2008,boys,30,weight,mean,8.064,digitized,0.003
antonius2008,boys,30,weight,-1SD,7.237,digitized,0.003
antonius2008,boys,30,weight,-2SD,6.416,digitized,0.003
antonius2008,boys,33,weight,+2SD,9.974,digitized,0.003
antonius2008,boys,33,weight,+1SD,9.164,digitized,0.003
antonius2008,boys,33,weight,mean,8.354,digitized,0.003
antonius2008,boys,33,weight,-1SD,7.544,digitized,0.003
antonius2008,boys,33,weight,-2SD,6.73,digitized,0.003
antonius2008,boys,36,weight,+2SD,10.248,digitized,0.003
antonius2008,boys,36,weight,+1SD,9.453,digitized,0.003
antonius2008,boys,36,weight,mean,8.646,digitized,0.003
antonius2008,boys,36,weight,-1SD,7.847,digitized,0.003
antonius2008,boys,36,weight,-2SD,7.033,digitized,0.003
antonius2008,boys,39,weight,+2SD,10.505,digitized,0.003
antonius2008,boys,39,weight,+1SD,9.717,digitized,0.003
antonius2008,boys,39,weight,mean,8.929,digitized,0.003
antonius2008,boys,39,weight,-1SD,8.119,digitized,0.003
antonius2008,boys,39,weight,-2SD,7.33,digitized,0.003
antonius2008,boys,42,weight,+2SD,10.752,digitized,0.003
antonius2008,boys,42,weight,+1SD,9.964,digitized,0.003
antonius2008,boys,42,weight,mean,9.175,digitized,0.003
antonius2008,boys,42,weight,-1SD,8.387,digitized,0.003
antonius2008,boys,42,weight,-2SD,7.593,digitized,0.003
antonius2008,boys,45,weight,+2SD,10.978,digitized,0.003
antonius2008,boys,45,weight,+1SD,10.19,digitized,0.003
antonius2008,boys,45,weight,mean,9.42,digitized,0.003
antonius2008,boys,45,weight,-1SD,8.635,digitized,0.003
antonius2008,boys,45,weight,-2SD,7.854,digitized,0.003
antonius2008,boys,48,weight,+2SD,11.184,digitized,0.003
antonius2008,boys,48,weight,+1SD,10.401,digitized,0.003
antonius2008,boys,48,weight,mean,9.635,digitized,0.003
antonius2008,boys,48,weight,-1SD,8.869,digitized,0.003
antonius2008,boys,48,weight,-2SD,8.102,digitized,0.003
