measure,panel,percentile,age,age_unit,value,unit,sex,source
length,left,p10,0.0,months,41.19,cm,combined,calhoun2025_digitized
length,left,p10,1.0,months,44.63,cm,combined,calhoun2025_digitized
length,left,p10,2.0,months,46.86,cm,combined,calhoun2025_digitized
length,left,p10,3.0,months,48.62,cm,combined,calhoun2025_digitized
length,left,p10,4.0,months,50.22,cm,combined,calhoun2025_digitized
length,left,p10,5.0,months,51.65,cm,combined,calhoun2025_digitized
length,left,p10,6.0,months,52.92,cm,combined,calhoun2025_digitized
length,left,p10,7.0,months,54.09,cm,combined,calhoun2025_digitized
length,left,p10,8.0,months,55.2,cm,combined,calhoun2025_digitized
length,left,p10,9.0,months,56.25,cm,combined,calhoun2025_digitized
length,left,p10,10.0,months,57.25,cm,combined,calhoun2025_digitized
length,left,p10,11.0,months,58.2,cm,combined,calhoun2025_digitized
length,left,p10,12.0,months,58.99,cm,combined,calhoun2025_digitized
length,left,p10,13.0,months,59.85,cm,combined,calhoun2025_digitized
length,left,p10,14.0,months,60.57,cm,combined,calhoun2025_digitized
length,left,p10,15.0,months,61.35,cm,combined,calhoun2025_digitized
length,left,p10,16.0,months,61.99,cm,combined,calhoun2025_digitized
length,left,p10,17.0,months,62.65,cm,combined,calhoun2025_digitized
length,left,p10,18.0,months,63.25,cm,combined,calhoun2025_digitized
length,left,p10,19.0,months,63.83,cm,combined,calhoun2025_digitized
length,left,p10,20.0,months,64.42,cm,combined,calhoun2025_digitized
length,left,p10,21.0,months,65.1,cm,combined,calhoun2025_digitized
length,left,p10,22.0,months,65.68,cm,combined,calhoun2025_digitized
length,left,p10,23.0,months,66.25,cm,combined,calhoun2025_digitized
length,left,p10,24.0,months,66.78,cm,combined,calhoun2025_digitized
length,left,p2.5,0.0,months,39.52,cm,combined,calhoun2025_digitized
length,left,p2.5,1.0,months,42.89,cm,combined,calhoun2025_digitized
length,left,p2.5,2.0,months,44.83,cm,combined,calhoun2025_digitized
length,left,p2.5,3.0,months,46.48,cm,combined,calhoun2025_digitized
length,left,p2.5,4.0,months,47.91,cm,combined,calhoun2025_digitized
length,left,p2.5,5.0,months,49.2,cm,combined,calhoun2025_digitized
length,left,p2.5,6.0,months,50.44,cm,combined,calhoun2025_digitized
length,left,p2.5,7.0,months,51.61,cm,combined,calhoun2025_digitized
length,left,p2.5,8.0,months,52.64,cm,combined,calhoun2025_digitized
length,left,p2.5,9.0,months,53.61,cm,combined,calhoun2025_digitized
length,left,p2.5,10.0,months,54.54,cm,combined,calhoun2025_digitized
length,left,p2.5,11.0,months,55.42,cm,combined,calhoun2025_digitized
length,left,p2.5,12.0,months,56.22,cm,combined,calhoun2025_digitized
length,left,p2.5,13.0,months,56.96,cm,combined,calhoun2025_digitized
length,left,p2.5,14.0,months,57.67,cm,combined,calhoun2025_digitized
length,left,p2.5,15.0,months,58.37,cm,combined,calhoun2025_digitized
length,left,p2.5,16.0,months,58.95,cm,combined,calhoun2025_digitized
length,left,p2.5,17.0,months,59.6,cm,combined,calhoun2025_digitized
length,left,p2.5,18.0,months,60.25,cm,combined,calhoun2025_digitized
length,left,p2.5,19.0,months,60.83,cm,combined,calhoun2025_digitized
length,left,p2.5,20.0,months,61.43,cm,combined,calhoun2025_digitized
length,left,p2.5,21.0,months,62.0,cm,combined,calhoun2025_digitized
length,left,p2.5,22.0,months,62.58,cm,combined,calhoun2025_digitized
length,left,p2.5,23.0,months,63.16,cm,combined,calhoun2025_digitized
length,left,p2.5,24.0,months,63.72,cm,combined,calhoun2025_digitized
length,left,p25,0.0,months,42.79,cm,combined,calhoun2025_digitized
length,left,p25,1.0,months,45.95,cm,combined,calhoun2025_digitized
length,left,p25,2.0,months,48.53,cm,combined,calhoun2025_digitized
length,left,p25,3.0,months,50.6,cm,combined,calhoun2025_digitized
length,left,p25,4.0,months,52.28,cm,combined,calhoun2025_digitized
length,left,p25,5.0,months,53.82,cm,combined,calhoun2025_digitized
length,left,p25,6.0,months,55.19,cm,combined,calhoun2025_digitized
length,left,p25,7.0,months,56.52,cm,combined,calhoun2025_digitized
length,left,p25,8.0,months,57.65,cm,combined,calhoun2025_digitized
length,left,p25,9.0,months,58.75,cm,combined,calhoun2025_digitized
length,left,p25,10.0,months,59.81,cm,combined,calhoun2025_digitized
length,left,p25,11.0,months,60.83,cm,combined,calhoun2025_digitized
length,left,p25,12.0,months,61.66,cm,combined,calhoun2025_digitized
length,left,p25,13.0,months,62.52,cm,combined,calhoun2025_digitized
length,left,p25,14.0,months,63.28,cm,combined,calhoun2025_digitized
length,left,p25,15.0,months,64.09,cm,combined,calhoun2025_digitized
length,left,p25,16.0,months,64.77,cm,combined,calhoun2025_digitized
length,left,p25,17.0,months,65.44,cm,combined,calhoun2025_digitized
length,left,p25,18.0,months,66.05,cm,combined,calhoun2025_digitized
length,left,p25,19.0,months,66.77,cm,combined,calhoun2025_digitized
length,left,p25,20.0,months,67.35,cm,combined,calhoun2025_digitized
length,left,p25,21.0,months,67.92,cm,combined,calhoun2025_digitized
length,left,p25,22.0,months,68.5,cm,combined,calhoun2025_digitized
length,left,p25,23.0,months,69.08,cm,combined,calhoun2025_digitized
length,left,p25,24.0,months,69.66,cm,combined,calhoun2025_digitized
length,left,p5,0.0,months,40.37,cm,combined,calhoun2025_digitized
length,left,p5,1.0,months,43.66,cm,combined,calhoun2025_digitized
length,left,p5,2.0,months,45.82,cm,combined,calhoun2025_digitized
length,left,p5,3.0,months,47.5,cm,combined,calhoun2025_digitized
length,left,p5,4.0,months,49.0,cm,combined,calhoun2025_digitized
length,left,p5,5.0,months,50.3,cm,combined,calhoun2025_digitized
length,left,p5,6.0,months,51.64,cm,combined,calhoun2025_digitized
length,left,p5,7.0,months,52.77,cm,combined,calhoun2025_digitized
length,left,p5,8.0,months,53.87,cm,combined,calhoun2025_digitized
length,left,p5,9.0,months,54.89,cm,combined,calhoun2025_digitized
length,left,p5,10.0,months,55.76,cm,combined,calhoun2025_digitized
length,left,p5,11.0,months,56.7,cm,combined,calhoun2025_digitized
length,left,p5,12.0,months,57.54,cm,combined,calhoun2025_digitized
length,left,p5,13.0,months,58.29,cm,combined,calhoun2025_digitized
length,left,p5,14.0,months,59.0,cm,combined,calhoun2025_digitized
length,left,p5,15.0,months,59.76,cm,combined,calhoun2025_digitized
length,left,p5,16.0,months,60.38,cm,combined,calhoun2025_digitized
length,left,p5,17.0,months,61.03,cm,combined,calhoun2025_digitized
length,left,p5,18.0,months,61.63,cm,combined,calhoun2025_digitized
length,left,p5,19.0,months,62.21,cm,combined,calhoun2025_digitized
length,left,p5,20.0,months,62.8,cm,combined,calhoun2025_digitized
length,left,p5,21.0,months,63.4,cm,combined,calhoun2025_digitized
length,left,p5,22.0,months,63.98,cm,combined,calhoun2025_digitized
length,left,p5,23.0,months,64.61,cm,combined,calhoun2025_digitized
length,left,p5,24.0,months,65.16,cm,combined,calhoun2025_digitized
length,left,p50,0.0,months,45.85,cm,combined,calhoun2025_digitized
length,left,p50,1.0,months,48.66,cm,combined,calhoun2025_digitized
length,left,p50,2.0,months,51.53,cm,combined,calhoun2025_digitized
length,left,p50,3.0,months,53.94,cm,combined,calhoun2025_digitized
length,left,p50,4.0,months,55.92,cm,combined,calhoun2025_digitized
length,left,p50,5.0,months,57.74,cm,combined,calhoun2025_digitized
length,left,p50,6.0,months,59.36,cm,combined,calhoun2025_digitized
length,left,p50,7.0,months,60.85,cm,combined,calhoun2025_digitized
length,left,p50,8.0,months,62.08,cm,combined,calhoun2025_digitized
length,left,p50,9.0,months,63.23,cm,combined,calhoun2025_digitized
length,left,p50,10.0,months,64.47,cm,combined,calhoun2025_digitized
length,left,p50,11.0,months,65.56,cm,combined,calhoun2025_digitized
length,left,p50,12.0,months,66.53,cm,combined,calhoun2025_digitized
length,left,p50,13.0,months,67.5,cm,combined,calhoun2025_digitized
length,left,p50,14.0,months,68.47,cm,combined,calhoun2025_digitized
length,left,p50,15.0,months,69.2,cm,combined,calhoun2025_digitized
length,left,p50,16.0,months,70.1,cm,combined,calhoun2025_digitized
length,left,p50,17.0,months,70.74,cm,combined,calhoun2025_digitized
length,left,p50,18.0,months,71.43,cm,combined,calhoun2025_digitized
length,left,p50,19.0,months,72.2,cm,combined,calhoun2025_digitized
length,left,p50,20.0,months,72.79,cm,combined,calhoun2025_digitized
length,left,p50,21.0,months,73.38,cm,combined,calhoun2025_digitized
length,left,p50,22.0,months,73.98,cm,combined,calhoun2025_digitized
length,left,p50,23.0,months,74.54,cm,combined,calhoun2025_digitized
length,left,p50,24.0,months,75.11,cm,combined,calhoun2025_digitized
length,left,p75,0.0,months,48.64,cm,combined,calhoun2025_digitized
length,left,p75,1.0,months,51.67,cm,combined,calhoun2025_digitized
length,left,p75,2.0,months,54.45,cm,combined,calhoun2025_digitized
length,left,p75,3.0,months,56.93,cm,combined,calhoun2025_digitized
length,left,p75,4.0,months,59.3,cm,combined,calhoun2025_digitized
length,left,p75,5.0,months,61.36,cm,combined,calhoun2025_digitized
length,left,p75,6.0,months,63.12,cm,combined,calhoun2025_digitized
length,left,p75,7.0,months,64.8,cm,combined,calhoun2025_digitized
length,left,p75,8.0,months,66.3,cm,combined,calhoun2025_digitized
length,left,p75,9.0,months,67.63,cm,combined,calhoun2025_digitized
length,left,p75,10.0,months,69.02,cm,combined,calhoun2025_digitized
length,left,p75,11.0,months,70.17,cm,combined,calhoun2025_digitized
length,left,p75,12.0,months,71.3,cm,combined,calhoun2025_digitized
length,left,p75,13.0,months,72.37,cm,combined,calhoun2025_digitized
length,left,p75,14.0,months,73.35,cm,combined,calhoun2025_digitized
length,left,p75,15.0,months,74.34,cm,combined,calhoun2025_digitized
length,left,p75,16.0,months,75.14,cm,combined,calhoun2025_digitized
length,left,p75,17.0,months,75.98,cm,combined,calhoun2025_digitized
length,left,p75,18.0,months,76.72,cm,combined,calhoun2025_digitized
length,left,p75,19.0,months,77.39,cm,combined,calhoun2025_digitized
length,left,p75,20.0,months,78.15,cm,combined,calhoun2025_digitized
length,left,p75,21.0,months,78.8,cm,combined,calhoun2025_digitized
length,left,p75,22.0,months,79.43,cm,combined,calhoun2025_digitized
length,left,p75,23.0,months,80.03,cm,combined,calhoun2025_digitized
length,left,p75,24.0,months,80.6,cm,combined,calhoun2025_digitized
length,left,p90,0.0,months,50.18,cm,combined,calhoun2025_digitized
length,left,p90,1.0,months,52.96,cm,combined,calhoun2025_digitized
length,left,p90,2.0,months,55.74,cm,combined,calhoun2025_digitized
length,left,p90,3.0,months,58.4,cm,combined,calhoun2025_digitized
length,left,p90,4.0,months,60.92,cm,combined,calhoun2025_digitized
length,left,p90,5.0,months,63.08,cm,combined,calhoun2025_digitized
length,left,p90,6.0,months,64.89,cm,combined,calhoun2025_digitized
length,left,p90,7.0,months,66.83,cm,combined,calhoun2025_digitized
length,left,p90,8.0,months,68.43,cm,combined,calhoun2025_digitized
length,left,p90,9.0,months,69.79,cm,combined,calhoun2025_digitized
length,left,p90,10.0,months,71.24,cm,combined,calhoun2025_digitized
length,left,p90,11.0,months,72.48,cm,combined,calhoun2025_digitized
length,left,p90,12.0,months,73.62,cm,combined,calhoun2025_digitized
length,left,p90,13.0,months,74.87,cm,combined,calhoun2025_digitized
length,left,p90,14.0,months,75.78,cm,combined,calhoun2025_digitized
length,left,p90,15.0,months,76.8,cm,combined,calhoun2025_digitized
length,left,p90,16.0,months,77.76,cm,combined,calhoun2025_digitized
length,left,p90,17.0,months,78.67,cm,combined,calhoun2025_digitized
length,left,p90,18.0,months,79.43,cm,combined,calhoun2025_digitized
length,left,p90,19.0,months,80.14,cm,combined,calhoun2025_digitized
length,left,p90,20.0,months,80.91,cm,combined,calhoun2025_digitized
length,left,p90,21.0,months,81.61,cm,combined,calhoun2025_digitized
length,left,p90,22.0,months,82.2,cm,combined,calhoun2025_digitized
length,left,p90,23.0,months,82.83,cm,combined,calhoun2025_digitized
length,left,p90,24.0,months,83.51,cm,combined,calhoun2025_digitized
length,left,p95,0.0,months,50.98,cm,combined,calhoun2025_digitized
length,left,p95,1.0,months,53.95,cm,combined,calhoun2025_digitized
length,left,p95,2.0,months,56.7,cm,combined,calhoun2025_digitized
length,left,p95,3.0,months,59.37,cm,combined,calhoun2025_digitized
length,left,p95,4.0,months,61.76,cm,combined,calhoun2025_digitized
length,left,p95,5.0,months,64.07,cm,combined,calhoun2025_digitized
length,left,p95,6.0,months,65.97,cm,combined,calhoun2025_digitized
length,left,p95,7.0,months,67.93,cm,combined,calhoun2025_digitized
length,left,p95,8.0,months,69.58,cm,combined,calhoun2025_digitized
length,left,p95,9.0,months,71.11,cm,combined,calhoun2025_digitized
length,left,p95,10.0,months,72.46,cm,combined,calhoun2025_digitized
length,left,p95,11.0,months,73.85,cm,combined,calhoun2025_digitized
length,left,p95,12.0,months,75.05,cm,combined,calhoun2025_digitized
length,left,p95,13.0,months,76.21,cm,combined,calhoun2025_digitized
length,left,p95,14.0,months,77.27,cm,combined,calhoun2025_digitized
length,left,p95,15.0,months,78.3,cm,combined,calhoun2025_digitized
length,left,p95,16.0,months,79.26,cm,combined,calhoun2025_digitized
length,left,p95,17.0,months,80.08,cm,combined,calhoun2025_digitized
length,left,p95,18.0,months,80.94,cm,combined,calhoun2025_digitized
length,left,p95,19.0,months,81.71,cm,combined,calhoun2025_digitized
length,left,p95,20.0,months,82.49,cm,combined,calhoun2025_digitized
length,left,p95,21.0,months,83.19,cm,combined,calhoun2025_digitized
length,left,p95,22.0,months,83.84,cm,combined,calhoun2025_digitized
length,left,p95,23.0,months,84.49,cm,combined,calhoun2025_digitized
length,left,p95,24.0,months,85.13,cm,combined,calhoun2025_digitized
length,left,p97.5,0.0,months,51.76,cm,combined,calhoun2025_digitized
length,left,p97.5,1.0,months,54.56,cm,combined,calhoun2025_digitized
length,left,p97.5,2.0,months,57.48,cm,combined,calhoun2025_digitized
length,left,p97.5,3.0,months,60.12,cm,combined,calhoun2025_digitized
length,left,p97.5,4.0,months,62.6,cm,combined,calhoun2025_digitized
length,left,p97.5,5.0,months,64.83,cm,combined,calhoun2025_digitized
length,left,p97.5,6.0,months,66.93,cm,combined,calhoun2025_digitized
length,left,p97.5,7.0,months,68.82,cm,combined,calhoun2025_digitized
length,left,p97.5,8.0,months,70.58,cm,combined,calhoun2025_digitized
length,left,p97.5,9.0,months,72.13,cm,combined,calhoun2025_digitized
length,left,p97.5,10.0,months,73.53,cm,combined,calhoun2025_digitized
length,left,p97.5,11.0,months,74.95,cm,combined,calhoun2025_digitized
length,left,p97.5,12.0,months,76.14,cm,combined,calhoun2025_digitized
length,left,p97.5,13.0,months,77.34,cm,combined,calhoun2025_digitized
length,left,p97.5,14.0,months,78.47,cm,combined,calhoun2025_digitized
length,left,p97.5,15.0,months,79.5,cm,combined,calhoun2025_digitized
length,left,p97.5,16.0,months,80.49,cm,combined,calhoun2025_digitized
length,left,p97.5,17.0,months,81.41,cm,combined,calhoun2025_digitized
length,left,p97.5,18.0,months,82.25,cm,combined,calhoun2025_digitized
length,left,p97.5,19.0,months,83.08,cm,combined,calhoun2025_digitized
length,left,p97.5,20.0,months,83.81,cm,combined,calhoun2025_digitized
length,left,p97.5,21.0,months,84.54,cm,combined,calhoun2025_digitized
length,left,p97.5,22.0,months,85.23,cm,combined,calhoun2025_digitized
length,left,p97.5,23.0,months,85.89,cm,combined,calhoun2025_digitized
length,left,p97.5,24.0,months,86.47,cm,combined,calhoun2025_digitized
length,right,p10,2.0,years,54.72,cm,combined,calhoun2025_digitized
length,right,p10,2.5,years,59.37,cm,combined,calhoun2025_digitized
length,right,p10,3.0,years,63.87,cm,combined,calhoun2025_digitized
length,right,p10,3.5,years,68.22,cm,combined,calhoun2025_digitized
length,right,p10,4.0,years,72.43,cm,combined,calhoun2025_digitized
length,right,p10,4.5,years,76.29,cm,combined,calhoun2025_digitized
length,right,p10,5.0,years,78.64,cm,combined,calhoun2025_digitized
length,right,p10,5.5,years,80.56,cm,combined,calhoun2025_digitized
length,right,p10,6.0,years,82.34,cm,combined,calhoun2025_digitized
length,right,p10,6.5,years,84.15,cm,combined,calhoun2025_digitized
length,right,p10,7.0,years,86.01,cm,combined,calhoun2025_digitized
length,right,p10,7.5,years,88.26,cm,combined,calhoun2025_digitized
length,right,p10,8.0,years,90.3,cm,combined,calhoun2025_digitized
length,right,p10,8.5,years,92.17,cm,combined,calhoun2025_digitized
length,right,p10,9.0,years,94.24,cm,combined,calhoun2025_digitized
length,right,p10,9.5,years,96.44,cm,combined,calhoun2025_digitized
length,right,p10,10.0,years,98.68,cm,combined,calhoun2025_digitized
length,right,p10,10.5,years,100.99,cm,combined,calhoun2025_digitized
length,right,p10,11.0,years,103.16,cm,combined,calhoun2025_digitized
length,right,p10,11.5,years,105.43,cm,combined,calhoun2025_digitized
length,right,p10,12.0,years,107.5,cm,combined,calhoun2025_digitized
length,right,p10,12.5,years,109.6,cm,combined,calhoun2025_digitized
length,right,p10,13.0,years,110.03,cm,combined,calhoun2025_digitized
length,right,p10,13.5,years,110.07,cm,combined,calhoun2025_digitized
length,right,p10,14.0,years,110.05,cm,combined,calhoun2025_digitized
length,right,p10,14.5,years,109.96,cm,combined,calhoun2025_digitized
length,right,p10,15.0,years,110.03,cm,combined,calhoun2025_digitized
length,right,p10,15.5,years,110.15,cm,combined,calhoun2025_digitized
length,right,p10,16.0,years,110.03,cm,combined,calhoun2025_digitized
length,right,p10,16.5,years,109.96,cm,combined,calhoun2025_digitized
length,right,p10,17.0,years,110.03,cm,combined,calhoun2025_digitized
length,right,p10,17.5,years,109.74,cm,combined,calhoun2025_digitized
length,right,p10,18.0,years,110.03,cm,combined,calhoun2025_digitized
length,right,p2.5,2.0,years,47.48,cm,combined,calhoun2025_digitized
length,right,p2.5,2.5,years,52.18,cm,combined,calhoun2025_digitized
length,right,p2.5,3.0,years,57.01,cm,combined,calhoun2025_digitized
length,right,p2.5,3.5,years,61.78,cm,combined,calhoun2025_digitized
length,right,p2.5,4.0,years,66.37,cm,combined,calhoun2025_digitized
length,right,p2.5,4.5,years,70.59,cm,combined,calhoun2025_digitized
length,right,p2.5,5.0,years,74.16,cm,combined,calhoun2025_digitized
length,right,p2.5,5.5,years,75.99,cm,combined,calhoun2025_digitized
length,right,p2.5,6.0,years,77.68,cm,combined,calhoun2025_digitized
length,right,p2.5,6.5,years,79.38,cm,combined,calhoun2025_digitized
length,right,p2.5,7.0,years,81.22,cm,combined,calhoun2025_digitized
length,right,p2.5,7.5,years,83.18,cm,combined,calhoun2025_digitized
length,right,p2.5,8.0,years,85.35,cm,combined,calhoun2025_digitized
length,right,p2.5,8.5,years,87.29,cm,combined,calhoun2025_digitized
length,right,p2.5,9.0,years,88.96,cm,combined,calhoun2025_digitized
length,right,p2.5,9.5,years,90.94,cm,combined,calhoun2025_digitized
length,right,p2.5,10.0,years,92.98,cm,combined,calhoun2025_digitized
length,right,p2.5,10.5,years,95.01,cm,combined,calhoun2025_digitized
length,right,p2.5,11.0,years,97.08,cm,combined,calhoun2025_digitized
length,right,p2.5,11.5,years,99.16,cm,combined,calhoun2025_digitized
length,right,p2.5,12.0,years,101.02,cm,combined,calhoun2025_digitized
length,right,p2.5,12.5,years,101.29,cm,combined,calhoun2025_digitized
length,right,p2.5,13.0,years,101.29,cm,combined,calhoun2025_digitized
length,right,p2.5,13.5,years,101.29,cm,combined,calhoun2025_digitized
length,right,p2.5,14.0,years,101.29,cm,combined,calhoun2025_digitized
length,right,p2.5,14.5,years,101.29,cm,combined,calhoun2025_digitized
length,right,p2.5,15.0,years,101.29,cm,combined,calhoun2025_digitized
length,right,p2.5,15.5,years,101.29,cm,combined,calhoun2025_digitized
length,right,p2.5,16.0,years,101.31,cm,combined,calhoun2025_digitized
length,right,p2.5,16.5,years,101.29,cm,combined,calhoun2025_digitized
length,right,p2.5,17.0,years,101.29,cm,combined,calhoun2025_digitized
length,right,p2.5,17.5,years,101.29,cm,combined,calhoun2025_digitized
length,right,p2.5,18.0,years,101.35,cm,combined,calhoun2025_digitized
length,right,p25,2.0,years,61.39,cm,combined,calhoun2025_digitized
length,right,p25,2.5,years,65.71,cm,combined,calhoun2025_digitized
length,right,p25,3.0,years,69.78,cm,combined,calhoun2025_digitized
length,right,p25,3.5,years,73.93,cm,combined,calhoun2025_digitized
length,right,p25,4.0,years,77.72,cm,combined,calhoun2025_digitized
length,right,p25,4.5,years,80.87,cm,combined,calhoun2025_digitized
length,right,p25,5.0,years,82.97,cm,combined,calhoun2025_digitized
length,right,p25,5.5,years,84.93,cm,combined,calhoun2025_digitized
length,right,p25,6.0,years,86.82,cm,combined,calhoun2025_digitized
length,right,p25,6.5,years,88.75,cm,combined,calhoun2025_digitized
length,right,p25,7.0,years,91.01,cm,combined,calhoun2025_digitized
length,right,p25,7.5,years,92.91,cm,combined,calhoun2025_digitized
length,right,p25,8.0,years,94.8,cm,combined,calhoun2025_digitized
length,right,p25,8.5,years,97.25,cm,combined,calhoun2025_digitized
length,right,p25,9.0,years,99.75,cm,combined,calhoun2025_digitized
length,right,p25,9.5,years,101.93,cm,combined,calhoun2025_digitized
length,right,p25,10.0,years,104.32,cm,combined,calhoun2025_digitized
length,right,p25,10.5,years,106.77,cm,combined,calhoun2025_digitized
length,right,p25,11.0,years,109.2,cm,combined,calhoun2025_digitized
length,right,p25,11.5,years,111.56,cm,combined,calhoun2025_digitized
length,right,p25,12.0,years,113.78,cm,combined,calhoun2025_digitized
length,right,p25,12.5,years,116.16,cm,combined,calhoun2025_digitized
length,right,p25,13.0,years,117.99,cm,combined,calhoun2025_digitized
length,right,p25,13.5,years,118.06,cm,combined,calhoun2025_digitized
length,right,p25,14.0,years,118.06,cm,combined,calhoun2025_digitized
length,right,p25,14.5,years,118.06,cm,combined,calhoun2025_digitized
length,right,p25,15.0,years,118.06,cm,combined,calhoun2025_digitized
length,right,p25,15.5,years,118.06,cm,combined,calhoun2025_digitized
length,right,p25,16.0,years,118.06,cm,combined,calhoun2025_digitized
length,right,p25,16.5,years,118.06,cm,combined,calhoun2025_digitized
length,right,p25,17.0,years,118.06,cm,combined,calhoun2025_digitized
length,right,p25,17.5,years,118.06,cm,combined,calhoun2025_digitized
length,right,p25,18.0,years,117.99,cm,combined,calhoun2025_digitized
length,right,p5,2.0,years,50.94,cm,combined,calhoun2025_digitized
length,right,p5,2.5,years,55.64,cm,combined,calhoun2025_digitized
length,right,p5,3.0,years,60.38,cm,combined,calhoun2025_digitized
length,right,p5,3.5,years,64.86,cm,combined,calhoun2025_digitized
length,right,p5,4.0,years,69.15,cm,combined,calhoun2025_digitized
length,right,p5,4.5,years,73.34,cm,combined,calhoun2025_digitized
length,right,p5,5.0,years,76.31,cm,combined,calhoun2025_digitized
length,right,p5,5.5,years,78.1,cm,combined,calhoun2025_digitized
length,right,p5,6.0,years,79.7,cm,combined,calhoun2025_digitized
length,right,p5,6.5,years,81.59,cm,combined,calhoun2025_digitized
length,right,p5,7.0,years,83.48,cm,combined,calhoun2025_digitized
length,right,p5,7.5,years,85.51,cm,combined,calhoun2025_digitized
length,right,p5,8.0,years,87.54,cm,combined,calhoun2025_digitized
length,right,p5,8.5,years,89.47,cm,combined,calhoun2025_digitized
length,right,p5,9.0,years,91.41,cm,combined,calhoun2025_digitized
length,right,p5,9.5,years,93.48,cm,combined,calhoun2025_digitized
length,right,p5,10.0,years,95.55,cm,combined,calhoun2025_digitized
length,right,p5,10.5,years,97.69,cm,combined,calhoun2025_digitized
length,right,p5,11.0,years,99.85,cm,combined,calhoun2025_digitized
length,right,p5,11.5,years,101.92,cm,combined,calhoun2025_digitized
length,right,p5,12.0,years,104.05,cm,combined,calhoun2025_digitized
length,right,p5,12.5,years,105.13,cm,combined,calhoun2025_digitized
length,right,p5,13.0,years,105.03,cm,combined,calhoun2025_digitized
length,right,p5,13.5,years,105.21,cm,combined,calhoun2025_digitized
length,right,p5,14.0,years,105.12,cm,combined,calhoun2025_digitized
length,right,p5,14.5,years,105.1,cm,combined,calhoun2025_digitized
length,right,p5,15.0,years,105.06,cm,combined,calhoun2025_digitized
length,right,p5,15.5,years,105.29,cm,combined,calhoun2025_digitized
length,right,p5,16.0,years,105.12,cm,combined,calhoun2025_digitized
length,right,p5,16.5,years,105.17,cm,combined,calhoun2025_digitized
length,right,p5,17.0,years,105.03,cm,combined,calhoun2025_digitized
length,right,p5,17.5,years,105.31,cm,combined,calhoun2025_digitized
length,right,p5,18.0,years,105.04,cm,combined,calhoun2025_digitized
length,right,p50,2.0,years,75.52,cm,combined,calhoun2025_digitized
length,right,p50,2.5,years,79.1,cm,combined,calhoun2025_digitized
length,right,p50,3.0,years,82.69,cm,combined,calhoun2025_digitized
length,right,p50,3.5,years,86.04,cm,combined,calhoun2025_digitized
length,right,p50,4.0,years,88.88,cm,combined,calhoun2025_digitized
length,right,p50,4.5,years,91.44,cm,combined,calhoun2025_digitized
length,right,p50,5.0,years,93.87,cm,combined,calhoun2025_digitized
length,right,p50,5.5,years,96.06,cm,combined,calhoun2025_digitized
length,right,p50,6.0,years,98.43,cm,combined,calhoun2025_digitized
length,right,p50,6.5,years,100.59,cm,combined,calhoun2025_digitized
length,right,p50,7.0,years,103.14,cm,combined,calhoun2025_digitized
length,right,p50,7.5,years,105.98,cm,combined,calhoun2025_digitized
length,right,p50,8.0,years,108.96,cm,combined,calhoun2025_digitized
length,right,p50,8.5,years,112.11,cm,combined,calhoun2025_digitized
length,right,p50,9.0,years,115.25,cm,combined,calhoun2025_digitized
length,right,p50,9.5,years,118.42,cm,combined,calhoun2025_digitized
length,right,p50,10.0,years,121.44,cm,combined,calhoun2025_digitized
length,right,p50,10.5,years,124.31,cm,combined,calhoun2025_digitized
length,right,p50,11.0,years,126.73,cm,combined,calhoun2025_digitized
length,right,p50,11.5,years,129.1,cm,combined,calhoun2025_digitized
length,right,p50,12.0,years,130.96,cm,combined,calhoun2025_digitized
length,right,p50,12.5,years,132.47,cm,combined,calhoun2025_digitized
length,right,p50,13.0,years,133.62,cm,combined,calhoun2025_digitized
length,right,p50,13.5,years,134.26,cm,combined,calhoun2025_digitized
length,right,p50,14.0,years,134.68,cm,combined,calhoun2025_digitized
length,right,p50,14.5,years,134.83,cm,combined,calhoun2025_digitized
length,right,p50,15.0,years,134.93,cm,combined,calhoun2025_digitized
length,right,p50,15.5,years,134.81,cm,combined,calhoun2025_digitized
length,right,p50,16.0,years,134.92,cm,combined,calhoun2025_digitized
length,right,p50,16.5,years,134.83,cm,combined,calhoun2025_digitized
length,right,p50,17.0,years,134.9,cm,combined,calhoun2025_digitized
length,right,p50,17.5,years,134.8,cm,combined,calhoun2025_digitized
length,right,p50,18.0,years,134.95,cm,combined,calhoun2025_digitized
length,right,p75,2.0,years,88.33,cm,combined,calhoun2025_digitized
length,right,p75,2.5,years,91.53,cm,combined,calhoun2025_digitized
length,right,p75,3.0,years,94.59,cm,combined,calhoun2025_digitized
length,right,p75,3.5,years,97.67,cm,combined,calhoun2025_digitized
length,right,p75,4.0,years,100.44,cm,combined,calhoun2025_digitized
length,right,p75,4.5,years,103.13,cm,combined,calhoun2025_digitized
length,right,p75,5.0,years,106.7,cm,combined,calhoun2025_digitized
length,right,p75,5.5,years,110.92,cm,combined,calhoun2025_digitized
length,right,p75,6.0,years,114.71,cm,combined,calhoun2025_digitized
length,right,p75,6.5,years,118.93,cm,combined,calhoun2025_digitized
length,right,p75,7.0,years,123.22,cm,combined,calhoun2025_digitized
length,right,p75,7.5,years,126.65,cm,combined,calhoun2025_digitized
length,right,p75,8.0,years,129.75,cm,combined,calhoun2025_digitized
length,right,p75,8.5,years,132.87,cm,combined,calhoun2025_digitized
length,right,p75,9.0,years,135.39,cm,combined,calhoun2025_digitized
length,right,p75,9.5,years,137.64,cm,combined,calhoun2025_digitized
length,right,p75,10.0,years,139.69,cm,combined,calhoun2025_digitized
length,right,p75,10.5,years,141.3,cm,combined,calhoun2025_digitized
length,right,p75,11.0,years,142.88,cm,combined,calhoun2025_digitized
length,right,p75,11.5,years,144.46,cm,combined,calhoun2025_digitized
length,right,p75,12.0,years,145.4,cm,combined,calhoun2025_digitized
length,right,p75,12.5,years,146.77,cm,combined,calhoun2025_digitized
length,right,p75,13.0,years,147.73,cm,combined,calhoun2025_digitized
length,right,p75,13.5,years,148.42,cm,combined,calhoun2025_digitized
length,right,p75,14.0,years,149.15,cm,combined,calhoun2025_digitized
length,right,p75,14.5,years,149.69,cm,combined,calhoun2025_digitized
length,right,p75,15.0,years,150.12,cm,combined,calhoun2025_digitized
length,right,p75,15.5,years,150.54,cm,combined,calhoun2025_digitized
length,right,p75,16.0,years,150.56,cm,combined,calhoun2025_digitized
length,right,p75,16.5,years,150.82,cm,combined,calhoun2025_digitized
length,right,p75,17.0,years,150.89,cm,combined,calhoun2025_digitized
length,right,p75,17.5,years,150.82,cm,combined,calhoun2025_digitized
length,right,p75,18.0,years,150.88,cm,combined,calhoun2025_digitized
length,right,p90,2.0,years,93.89,cm,combined,calhoun2025_digitized
length,right,p90,2.5,years,96.78,cm,combined,calhoun2025_digitized
length,right,p90,3.0,years,99.94,cm,combined,calhoun2025_digitized
length,right,p90,3.5,years,103.09,cm,combined,calhoun2025_digitized
length,right,p90,4.0,years,107.52,cm,combined,calhoun2025_digitized
length,right,p90,4.5,years,112.09,cm,combined,calhoun2025_digitized
length,right,p90,5.0,years,116.47,cm,combined,calhoun2025_digitized
length,right,p90,5.5,years,121.0,cm,combined,calhoun2025_digitized
length,right,p90,6.0,years,125.41,cm,combined,calhoun2025_digitized
length,right,p90,6.5,years,128.94,cm,combined,calhoun2025_digitized
length,right,p90,7.0,years,132.23,cm,combined,calhoun2025_digitized
length,right,p90,7.5,years,135.18,cm,combined,calhoun2025_digitized
length,right,p90,8.0,years,137.83,cm,combined,calhoun2025_digitized
length,right,p90,8.5,years,140.08,cm,combined,calhoun2025_digitized
length,right,p90,9.0,years,142.12,cm,combined,calhoun2025_digitized
length,right,p90,9.5,years,144.13,cm,combined,calhoun2025_digitized
length,right,p90,10.0,years,145.57,cm,combined,calhoun2025_digitized
length,right,p90,10.5,years,147.22,cm,combined,calhoun2025_digitized
length,right,p90,11.0,years,148.78,cm,combined,calhoun2025_digitized
length,right,p90,11.5,years,149.85,cm,combined,calhoun2025_digitized
length,right,p90,12.0,years,151.1,cm,combined,calhoun2025_digitized
length,right,p90,12.5,years,152.44,cm,combined,calhoun2025_digitized
length,right,p90,13.0,years,153.14,cm,combined,calhoun2025_digitized
length,right,p90,13.5,years,153.99,cm,combined,calhoun2025_digitized
length,right,p90,14.0,years,154.69,cm,combined,calhoun2025_digitized
length,right,p90,14.5,years,155.47,cm,combined,calhoun2025_digitized
length,right,p90,15.0,years,155.75,cm,combined,calhoun2025_digitized
length,right,p90,15.5,years,156.32,cm,combined,calhoun2025_digitized
length,right,p90,16.0,years,156.81,cm,combined,calhoun2025_digitized
length,right,p90,16.5,years,156.88,cm,combined,calhoun2025_digitized
length,right,p90,17.0,years,157.02,cm,combined,calhoun2025_digitized
length,right,p90,17.5,years,157.2,cm,combined,calhoun2025_digitized
length,right,p90,18.0,years,157.16,cm,combined,calhoun2025_digitized
length,right,p95,2.0,years,96.85,cm,combined,calhoun2025_digitized
length,right,p95,2.5,years,99.95,cm,combined,calhoun2025_digitized
length,right,p95,3.0,years,103.95,cm,combined,calhoun2025_digitized
length,right,p95,3.5,years,108.8,cm,combined,calhoun2025_digitized
length,right,p95,4.0,years,113.63,cm,combined,calhoun2025_digitized
length,right,p95,4.5,years,118.36,cm,combined,calhoun2025_digitized
length,right,p95,5.0,years,122.73,cm,combined,calhoun2025_digitized
length,right,p95,5.5,years,127.12,cm,combined,calhoun2025_digitized
length,right,p95,6.0,years,130.62,cm,combined,calhoun2025_digitized
length,right,p95,6.5,years,133.8,cm,combined,calhoun2025_digitized
length,right,p95,7.0,years,136.67,cm,combined,calhoun2025_digitized
length,right,p95,7.5,years,139.27,cm,combined,calhoun2025_digitized
length,right,p95,8.0,years,141.58,cm,combined,calhoun2025_digitized
length,right,p95,8.5,years,143.39,cm,combined,calhoun2025_digitized
length,right,p95,9.0,years,145.8,cm,combined,calhoun2025_digitized
length,right,p95,9.5,years,147.37,cm,combined,calhoun2025_digitized
length,right,p95,10.0,years,148.53,cm,combined,calhoun2025_digitized
length,right,p95,10.5,years,150.67,cm,combined,calhoun2025_digitized
length,right,p95,11.0,years,152.06,cm,combined,calhoun2025_digitized
length,right,p95,11.5,years,152.82,cm,combined,calhoun2025_digitized
length,right,p95,12.0,years,154.21,cm,combined,calhoun2025_digitized
length,right,p95,12.5,years,155.54,cm,combined,calhoun2025_digitized
length,right,p95,13.0,years,156.32,cm,combined,calhoun2025_digitized
length,right,p95,13.5,years,156.97,cm,combined,calhoun2025_digitized
length,right,p95,14.0,years,158.08,cm,combined,calhoun2025_digitized
length,right,p95,14.5,years,158.64,cm,combined,calhoun2025_digitized
length,right,p95,15.0,years,159.03,cm,combined,calhoun2025_digitized
length,right,p95,15.5,years,159.49,cm,combined,calhoun2025_digitized
length,right,p95,16.0,years,160.05,cm,combined,calhoun2025_digitized
length,right,p95,16.5,years,160.33,cm,combined,calhoun2025_digitized
length,right,p95,17.0,years,160.33,cm,combined,calhoun2025_digitized
length,right,p95,17.5,years,160.61,cm,combined,calhoun2025_digitized
length,right,p95,18.0,years,160.82,cm,combined,calhoun2025_digitized
length,right,p97.5,2.0,years,99.54,cm,combined,calhoun2025_digitized
length,right,p97.5,2.5,years,104.21,cm,combined,calhoun2025_digitized
length,right,p97.5,3.0,years,109.3,cm,combined,calhoun2025_digitized
length,right,p97.5,3.5,years,114.46,cm,combined,calhoun2025_digitized
length,right,p97.5,4.0,years,119.26,cm,combined,calhoun2025_digitized
length,right,p97.5,4.5,years,123.65,cm,combined,calhoun2025_digitized
length,right,p97.5,5.0,years,128.06,cm,combined,calhoun2025_digitized
length,right,p97.5,5.5,years,131.36,cm,combined,calhoun2025_digitized
length,right,p97.5,6.0,years,134.6,cm,combined,calhoun2025_digitized
length,right,p97.5,6.5,years,137.6,cm,combined,calhoun2025_digitized
length,right,p97.5,7.0,years,139.93,cm,combined,calhoun2025_digitized
length,right,p97.5,7.5,years,142.72,cm,combined,calhoun2025_digitized
length,right,p97.5,8.0,years,144.26,cm,combined,calhoun2025_digitized
length,right,p97.5,8.5,years,146.78,cm,combined,calhoun2025_digitized
length,right,p97.5,9.0,years,148.61,cm,combined,calhoun2025_digitized
length,right,p97.5,9.5,years,149.62,cm,combined,calhoun2025_digitized
length,right,p97.5,10.0,years,151.56,cm,combined,calhoun2025_digitized
length,right,p97.5,10.5,years,153.49,cm,combined,calhoun2025_digitized
length,right,p97.5,11.0,years,154.58,cm,combined,calhoun2025_digitized
length,right,p97.5,11.5,years,155.31,cm,combined,calhoun2025_digitized
length,right,p97.5,12.0,years,156.89,cm,combined,calhoun2025_digitized
length,right,p97.5,12.5,years,158.15,cm,combined,calhoun2025_digitized
length,right,p97.5,13.0,years,158.99,cm,combined,calhoun2025_digitized
length,right,p97.5,13.5,years,159.56,cm,combined,calhoun2025_digitized
length,right,p97.5,14.0,years,160.59,cm,combined,calhoun2025_digitized
length,right,p97.5,14.5,years,161.32,cm,combined,calhoun2025_digitized
length,right,p97.5,15.0,years,161.85,cm,combined,calhoun2025_digitized
length,right,p97.5,15.5,years,162.23,cm,combined,calhoun2025_digitized
length,right,p97.5,16.0,years,162.8,cm,combined,calhoun2025_digitized
length,right,p97.5,16.5,years,163.27,cm,combined,calhoun2025_digitized
length,right,p97.5,17.0,years,163.36,cm,combined,calhoun2025_digitized
length,right,p97.5,17.5,years,163.33,cm,combined,calhoun2025_digitized
length,right,p97.5,18.0,years,163.71,cm,combined,calhoun2025_digitized
ofc,ofc,p10,0.0,months,27.62,cm,combined,calhoun2025_digitized
ofc,ofc,p10,1.0,months,30.61,cm,combined,calhoun2025_digitized
ofc,ofc,p10,2.0,months,32.7,cm,combined,calhoun2025_digitized
ofc,ofc,p10,3.0,months,33.91,cm,combined,calhoun2025_digitized
ofc,ofc,p10,4.0,months,34.72,cm,combined,calhoun2025_digitized
ofc,ofc,p10,5.0,months,35.37,cm,combined,calhoun2025_digitized
ofc,ofc,p10,6.0,months,35.96,cm,combined,calhoun2025_digitized
ofc,ofc,p10,7.0,months,36.46,cm,combined,calhoun2025_digitized
ofc,ofc,p10,8.0,months,36.91,cm,combined,calhoun2025_digitized
ofc,ofc,p10,9.0,months,37.32,cm,combined,calhoun2025_digitized
ofc,ofc,p10,10.0,months,37.68,cm,combined,calhoun2025_digitized
ofc,ofc,p10,11.0,months,37.98,cm,combined,calhoun2025_digitized
ofc,ofc,p10,12.0,months,38.26,cm,combined,calhoun2025_digitized
ofc,ofc,p10,13.0,months,38.49,cm,combined,calhoun2025_digitized
ofc,ofc,p10,14.0,months,38.7,cm,combined,calhoun2025_digitized
ofc,ofc,p10,15.0,months,38.89,cm,combined,calhoun2025_digitized
ofc,ofc,p10,16.0,months,39.02,cm,combined,calhoun2025_digitized
ofc,ofc,p10,17.0,months,39.16,cm,combined,calhoun2025_digitized
ofc,ofc,p10,18.0,months,39.3,cm,combined,calhoun2025_digitized
ofc,ofc,p10,19.0,months,39.4,cm,combined,calhoun2025_digitized
ofc,ofc,p10,20.0,months,39.52,cm,combined,calhoun2025_digitized
ofc,ofc,p10,21.0,months,39.62,cm,combined,calhoun2025_digitized
ofc,ofc,p10,22.0,months,39.72,cm,combined,calhoun2025_digitized
ofc,ofc,p10,23.0,months,39.83,cm,combined,calhoun2025_digitized
ofc,ofc,p10,24.0,months,39.94,cm,combined,calhoun2025_digitized
ofc,ofc,p2.5,0.0,months,26.24,cm,combined,calhoun2025_digitized
ofc,ofc,p2.5,1.0,months,29.56,cm,combined,calhoun2025_digitized
ofc,ofc,p2.5,2.0,months,31.84,cm,combined,calhoun2025_digitized
ofc,ofc,p2.5,3.0,months,32.98,cm,combined,calhoun2025_digitized
ofc,ofc,p2.5,4.0,months,33.73,cm,combined,calhoun2025_digitized
ofc,ofc,p2.5,5.0,months,34.37,cm,combined,calhoun2025_digitized
ofc,ofc,p2.5,6.0,months,34.94,cm,combined,calhoun2025_digitized
ofc,ofc,p2.5,7.0,months,35.43,cm,combined,calhoun2025_digitized
ofc,ofc,p2.5,8.0,months,35.87,cm,combined,calhoun2025_digitized
ofc,ofc,p2.5,9.0,months,36.26,cm,combined,calhoun2025_digitized
ofc,ofc,p2.5,10.0,months,36.61,cm,combined,calhoun2025_digitized
ofc,ofc,p2.5,11.0,months,36.89,cm,combined,calhoun2025_digitized
ofc,ofc,p2.5,12.0,months,37.15,cm,combined,calhoun2025_digitized
ofc,ofc,p2.5,13.0,months,37.37,cm,combined,calhoun2025_digitized
ofc,ofc,p2.5,14.0,months,37.56,cm,combined,calhoun2025_digitized
ofc,ofc,p2.5,15.0,months,37.73,cm,combined,calhoun2025_digitized
ofc,ofc,p2.5,16.0,months,37.89,cm,combined,calhoun2025_digitized
ofc,ofc,p2.5,17.0,months,38.02,cm,combined,calhoun2025_digitized
ofc,ofc,p2.5,18.0,months,38.14,cm,combined,calhoun2025_digitized
ofc,ofc,p2.5,19.0,months,38.25,cm,combined,calhoun2025_digitized
ofc,ofc,p2.5,20.0,months,38.36,cm,combined,calhoun2025_digitized
ofc,ofc,p2.5,21.0,months,38.47,cm,combined,calhoun2025_digitized
ofc,ofc,p2.5,22.0,months,38.58,cm,combined,calhoun2025_digitized
ofc,ofc,p2.5,23.0,months,38.69,cm,combined,calhoun2025_digitized
ofc,ofc,p2.5,24.0,months,38.79,cm,combined,calhoun2025_digitized
ofc,ofc,p25,0.0,months,28.86,cm,combined,calhoun2025_digitized
ofc,ofc,p25,1.0,months,31.61,cm,combined,calhoun2025_digitized
ofc,ofc,p25,2.0,months,33.53,cm,combined,calhoun2025_digitized
ofc,ofc,p25,3.0,months,34.78,cm,combined,calhoun2025_digitized
ofc,ofc,p25,4.0,months,35.63,cm,combined,calhoun2025_digitized
ofc,ofc,p25,5.0,months,36.29,cm,combined,calhoun2025_digitized
ofc,ofc,p25,6.0,months,36.9,cm,combined,calhoun2025_digitized
ofc,ofc,p25,7.0,months,37.43,cm,combined,calhoun2025_digitized
ofc,ofc,p25,8.0,months,37.9,cm,combined,calhoun2025_digitized
ofc,ofc,p25,9.0,months,38.32,cm,combined,calhoun2025_digitized
ofc,ofc,p25,10.0,months,38.69,cm,combined,calhoun2025_digitized
ofc,ofc,p25,11.0,months,39.01,cm,combined,calhoun2025_digitized
ofc,ofc,p25,12.0,months,39.3,cm,combined,calhoun2025_digitized
ofc,ofc,p25,13.0,months,39.54,cm,combined,calhoun2025_digitized
ofc,ofc,p25,14.0,months,39.75,cm,combined,calhoun2025_digitized
ofc,ofc,p25,15.0,months,39.94,cm,combined,calhoun2025_digitized
ofc,ofc,p25,16.0,months,40.09,cm,combined,calhoun2025_digitized
ofc,ofc,p25,17.0,months,40.24,cm,combined,calhoun2025_digitized
ofc,ofc,p25,18.0,months,40.37,cm,combined,calhoun2025_digitized
ofc,ofc,p25,19.0,months,40.47,cm,combined,calhoun2025_digitized
ofc,ofc,p25,20.0,months,40.59,cm,combined,calhoun2025_digitized
ofc,ofc,p25,21.0,months,40.7,cm,combined,calhoun2025_digitized
ofc,ofc,p25,22.0,months,40.81,cm,combined,calhoun2025_digitized
ofc,ofc,p25,23.0,months,40.91,cm,combined,calhoun2025_digitized
ofc,ofc,p25,24.0,months,41.04,cm,combined,calhoun2025_digitized
ofc,ofc,p5,0.0,months,26.88,cm,combined,calhoun2025_digitized
ofc,ofc,p5,1.0,months,30.07,cm,combined,calhoun2025_digitized
ofc,ofc,p5,2.0,months,32.25,cm,combined,calhoun2025_digitized
ofc,ofc,p5,3.0,months,33.41,cm,combined,calhoun2025_digitized
ofc,ofc,p5,4.0,months,34.19,cm,combined,calhoun2025_digitized
ofc,ofc,p5,5.0,months,34.82,cm,combined,calhoun2025_digitized
ofc,ofc,p5,6.0,months,35.4,cm,combined,calhoun2025_digitized
ofc,ofc,p5,7.0,months,35.9,cm,combined,calhoun2025_digitized
ofc,ofc,p5,8.0,months,36.36,cm,combined,calhoun2025_digitized
ofc,ofc,p5,9.0,months,36.74,cm,combined,calhoun2025_digitized
ofc,ofc,p5,10.0,months,37.1,cm,combined,calhoun2025_digitized
ofc,ofc,p5,11.0,months,37.4,cm,combined,calhoun2025_digitized
ofc,ofc,p5,12.0,months,37.66,cm,combined,calhoun2025_digitized
ofc,ofc,p5,13.0,months,37.89,cm,combined,calhoun2025_digitized
ofc,ofc,p5,14.0,months,38.09,cm,combined,calhoun2025_digitized
ofc,ofc,p5,15.0,months,38.26,cm,combined,calhoun2025_digitized
ofc,ofc,p5,16.0,months,38.41,cm,combined,calhoun2025_digitized
ofc,ofc,p5,17.0,months,38.55,cm,combined,calhoun2025_digitized
ofc,ofc,p5,18.0,months,38.67,cm,combined,calhoun2025_digitized
ofc,ofc,p5,19.0,months,38.78,cm,combined,calhoun2025_digitized
ofc,ofc,p5,20.0,months,38.89,cm,combined,calhoun2025_digitized
ofc,ofc,p5,21.0,months,38.99,cm,combined,calhoun2025_digitized
ofc,ofc,p5,22.0,months,39.11,cm,combined,calhoun2025_digitized
ofc,ofc,p5,23.0,months,39.22,cm,combined,calhoun2025_digitized
ofc,ofc,p5,24.0,months,39.32,cm,combined,calhoun2025_digitized
ofc,ofc,p50,0.0,months,30.96,cm,combined,calhoun2025_digitized
ofc,ofc,p50,1.0,months,33.29,cm,combined,calhoun2025_digitized
ofc,ofc,p50,2.0,months,35.09,cm,combined,calhoun2025_digitized
ofc,ofc,p50,3.0,months,36.4,cm,combined,calhoun2025_digitized
ofc,ofc,p50,4.0,months,37.34,cm,combined,calhoun2025_digitized
ofc,ofc,p50,5.0,months,38.08,cm,combined,calhoun2025_digitized
ofc,ofc,p50,6.0,months,38.71,cm,combined,calhoun2025_digitized
ofc,ofc,p50,7.0,months,39.26,cm,combined,calhoun2025_digitized
ofc,ofc,p50,8.0,months,39.77,cm,combined,calhoun2025_digitized
ofc,ofc,p50,9.0,months,40.21,cm,combined,calhoun2025_digitized
ofc,ofc,p50,10.0,months,40.61,cm,combined,calhoun2025_digitized
ofc,ofc,p50,11.0,months,40.95,cm,combined,calhoun2025_digitized
ofc,ofc,p50,12.0,months,41.26,cm,combined,calhoun2025_digitized
ofc,ofc,p50,13.0,months,41.52,cm,combined,calhoun2025_digitized
ofc,ofc,p50,14.0,months,41.77,cm,combined,calhoun2025_digitized
ofc,ofc,p50,15.0,months,41.95,cm,combined,calhoun2025_digitized
ofc,ofc,p50,16.0,months,42.13,cm,combined,calhoun2025_digitized
ofc,ofc,p50,17.0,months,42.29,cm,combined,calhoun2025_digitized
ofc,ofc,p50,18.0,months,42.43,cm,combined,calhoun2025_digitized
ofc,ofc,p50,19.0,months,42.54,cm,combined,calhoun2025_digitized
ofc,ofc,p50,20.0,months,42.67,cm,combined,calhoun2025_digitized
ofc,ofc,p50,21.0,months,42.77,cm,combined,calhoun2025_digitized
ofc,ofc,p50,22.0,months,42.89,cm,combined,calhoun2025_digitized
ofc,ofc,p50,23.0,months,42.98,cm,combined,calhoun2025_digitized
ofc,ofc,p50,24.0,months,43.1,cm,combined,calhoun2025_digitized
ofc,ofc,p75,0.0,months,32.81,cm,combined,calhoun2025_digitized
ofc,ofc,p75,1.0,months,34.94,cm,combined,calhoun2025_digitized
ofc,ofc,p75,2.0,months,36.65,cm,combined,calhoun2025_digitized
ofc,ofc,p75,3.0,months,37.98,cm,combined,calhoun2025_digitized
ofc,ofc,p75,4.0,months,39.01,cm,combined,calhoun2025_digitized
ofc,ofc,p75,5.0,months,39.82,cm,combined,calhoun2025_digitized
ofc,ofc,p75,6.0,months,40.48,cm,combined,calhoun2025_digitized
ofc,ofc,p75,7.0,months,41.08,cm,combined,calhoun2025_digitized
ofc,ofc,p75,8.0,months,41.62,cm,combined,calhoun2025_digitized
ofc,ofc,p75,9.0,months,42.09,cm,combined,calhoun2025_digitized
ofc,ofc,p75,10.0,months,42.52,cm,combined,calhoun2025_digitized
ofc,ofc,p75,11.0,months,42.89,cm,combined,calhoun2025_digitized
ofc,ofc,p75,12.0,months,43.21,cm,combined,calhoun2025_digitized
ofc,ofc,p75,13.0,months,43.51,cm,combined,calhoun2025_digitized
ofc,ofc,p75,14.0,months,43.76,cm,combined,calhoun2025_digitized
ofc,ofc,p75,15.0,months,43.98,cm,combined,calhoun2025_digitized
ofc,ofc,p75,16.0,months,44.17,cm,combined,calhoun2025_digitized
ofc,ofc,p75,17.0,months,44.34,cm,combined,calhoun2025_digitized
ofc,ofc,p75,18.0,months,44.47,cm,combined,calhoun2025_digitized
ofc,ofc,p75,19.0,months,44.61,cm,combined,calhoun2025_digitized
ofc,ofc,p75,20.0,months,44.74,cm,combined,calhoun2025_digitized
ofc,ofc,p75,21.0,months,44.84,cm,combined,calhoun2025_digitized
ofc,ofc,p75,22.0,months,44.96,cm,combined,calhoun2025_digitized
ofc,ofc,p75,23.0,months,45.05,cm,combined,calhoun2025_digitized
ofc,ofc,p75,24.0,months,45.17,cm,combined,calhoun2025_digitized
ofc,ofc,p90,0.0,months,33.71,cm,combined,calhoun2025_digitized
ofc,ofc,p90,1.0,months,35.77,cm,combined,calhoun2025_digitized
ofc,ofc,p90,2.0,months,37.47,cm,combined,calhoun2025_digitized
ofc,ofc,p90,3.0,months,38.8,cm,combined,calhoun2025_digitized
ofc,ofc,p90,4.0,months,39.9,cm,combined,calhoun2025_digitized
ofc,ofc,p90,5.0,months,40.73,cm,combined,calhoun2025_digitized
ofc,ofc,p90,6.0,months,41.43,cm,combined,calhoun2025_digitized
ofc,ofc,p90,7.0,months,42.04,cm,combined,calhoun2025_digitized
ofc,ofc,p90,8.0,months,42.57,cm,combined,calhoun2025_digitized
ofc,ofc,p90,9.0,months,43.08,cm,combined,calhoun2025_digitized
ofc,ofc,p90,10.0,months,43.51,cm,combined,calhoun2025_digitized
ofc,ofc,p90,11.0,months,43.9,cm,combined,calhoun2025_digitized
ofc,ofc,p90,12.0,months,44.23,cm,combined,calhoun2025_digitized
ofc,ofc,p90,13.0,months,44.54,cm,combined,calhoun2025_digitized
ofc,ofc,p90,14.0,months,44.8,cm,combined,calhoun2025_digitized
ofc,ofc,p90,15.0,months,45.03,cm,combined,calhoun2025_digitized
ofc,ofc,p90,16.0,months,45.23,cm,combined,calhoun2025_digitized
ofc,ofc,p90,17.0,months,45.41,cm,combined,calhoun2025_digitized
ofc,ofc,p90,18.0,months,45.55,cm,combined,calhoun2025_digitized
ofc,ofc,p90,19.0,months,45.69,cm,combined,calhoun2025_digitized
ofc,ofc,p90,20.0,months,45.82,cm,combined,calhoun2025_digitized
ofc,ofc,p90,21.0,months,45.92,cm,combined,calhoun2025_digitized
ofc,ofc,p90,22.0,months,46.04,cm,combined,calhoun2025_digitized
ofc,ofc,p90,23.0,months,46.13,cm,combined,calhoun2025_digitized
ofc,ofc,p90,24.0,months,46.25,cm,combined,calhoun2025_digitized
ofc,ofc,p95,0.0,months,34.22,cm,combined,calhoun2025_digitized
ofc,ofc,p95,1.0,months,36.22,cm,combined,calhoun2025_digitized
ofc,ofc,p95,2.0,months,37.92,cm,combined,calhoun2025_digitized
ofc,ofc,p95,3.0,months,39.3,cm,combined,calhoun2025_digitized
ofc,ofc,p95,4.0,months,40.39,cm,combined,calhoun2025_digitized
ofc,ofc,p95,5.0,months,41.24,cm,combined,calhoun2025_digitized
ofc,ofc,p95,6.0,months,41.94,cm,combined,calhoun2025_digitized
ofc,ofc,p95,7.0,months,42.56,cm,combined,calhoun2025_digitized
ofc,ofc,p95,8.0,months,43.12,cm,combined,calhoun2025_digitized
ofc,ofc,p95,9.0,months,43.62,cm,combined,calhoun2025_digitized
ofc,ofc,p95,10.0,months,44.08,cm,combined,calhoun2025_digitized
ofc,ofc,p95,11.0,months,44.46,cm,combined,calhoun2025_digitized
ofc,ofc,p95,12.0,months,44.82,cm,combined,calhoun2025_digitized
ofc,ofc,p95,13.0,months,45.13,cm,combined,calhoun2025_digitized
ofc,ofc,p95,14.0,months,45.39,cm,combined,calhoun2025_digitized
ofc,ofc,p95,15.0,months,45.63,cm,combined,calhoun2025_digitized
ofc,ofc,p95,16.0,months,45.83,cm,combined,calhoun2025_digitized
ofc,ofc,p95,17.0,months,46.02,cm,combined,calhoun2025_digitized
ofc,ofc,p95,18.0,months,46.17,cm,combined,calhoun2025_digitized
ofc,ofc,p95,19.0,months,46.31,cm,combined,calhoun2025_digitized
ofc,ofc,p95,20.0,months,46.43,cm,combined,calhoun2025_digitized
ofc,ofc,p95,21.0,months,46.54,cm,combined,calhoun2025_digitized
ofc,ofc,p95,22.0,months,46.65,cm,combined,calhoun2025_digitized
ofc,ofc,p95,23.0,months,46.76,cm,combined,calhoun2025_digitized
ofc,ofc,p95,24.0,months,46.87,cm,combined,calhoun2025_digitized
ofc,ofc,p97.5,0.0,months,34.68,cm,combined,calhoun2025_digitized
ofc,ofc,p97.5,1.0,months,36.65,cm,combined,calhoun2025_digitized
ofc,ofc,p97.5,2.0,months,38.35,cm,combined,calhoun2025_digitized
ofc,ofc,p97.5,3.0,months,39.7,cm,combined,calhoun2025_digitized
ofc,ofc,p97.5,4.0,months,40.82,cm,combined,calhoun2025_digitized
ofc,ofc,p97.5,5.0,months,41.69,cm,combined,calhoun2025_digitized
ofc,ofc,p97.5,6.0,months,42.41,cm,combined,calhoun2025_digitized
ofc,ofc,p97.5,7.0,months,43.03,cm,combined,calhoun2025_digitized
ofc,ofc,p97.5,8.0,months,43.59,cm,combined,calhoun2025_digitized
ofc,ofc,p97.5,9.0,months,44.11,cm,combined,calhoun2025_digitized
ofc,ofc,p97.5,10.0,months,44.56,cm,combined,calhoun2025_digitized
ofc,ofc,p97.5,11.0,months,44.96,cm,combined,calhoun2025_digitized
ofc,ofc,p97.5,12.0,months,45.31,cm,combined,calhoun2025_digitized
ofc,ofc,p97.5,13.0,months,45.63,cm,combined,calhoun2025_digitized
ofc,ofc,p97.5,14.0,months,45.9,cm,combined,calhoun2025_digitized
ofc,ofc,p97.5,15.0,months,46.13,cm,combined,calhoun2025_digitized
ofc,ofc,p97.5,16.0,months,46.34,cm,combined,calhoun2025_digitized
ofc,ofc,p97.5,17.0,months,46.52,cm,combined,calhoun2025_digitized
ofc,ofc,p97.5,18.0,months,46.69,cm,combined,calhoun2025_digitized
ofc,ofc,p97.5,19.0,months,46.84,cm,combined,calhoun2025_digitized
ofc,ofc,p97.5,20.0,months,46.95,cm,combined,calhoun2025_digitized
ofc,ofc,p97.5,21.0,months,47.07,cm,combined,calhoun2025_digitized
ofc,ofc,p97.5,22.0,months,47.18,cm,combined,calhoun2025_digitized
ofc,ofc,p97.5,23.0,months,47.29,cm,combined,calhoun2025_digitized
ofc,ofc,p97.5,24.0,months,47.39,cm,combined,calhoun2025_digitized
weight,left,p10,0.0,months,1.24,kg,combined,calhoun2025_digitized
weight,left,p10,1.0,months,1.69,kg,combined,calhoun2025_digitized
weight,left,p10,2.0,months,1.97,kg,combined,calhoun2025_digitized
weight,left,p10,3.0,months,2.22,kg,combined,calhoun2025_digitized
weight,left,p10,4.0,months,2.42,kg,combined,calhoun2025_digitized
weight,left,p10,5.0,months,2.63,kg,combined,calhoun2025_digitized
weight,left,p10,6.0,months,2.8,kg,combined,calhoun2025_digitized
weight,left,p10,7.0,months,2.96,kg,combined,calhoun2025_digitized
weight,left,p10,8.0,months,3.12,kg,combined,calhoun2025_digitized
weight,left,p10,9.0,months,3.27,kg,combined,calhoun2025_digitized
weight,left,p10,10.0,months,3.41,kg,combined,calhoun2025_digitized
weight,left,p10,11.0,months,3.55,kg,combined,calhoun2025_digitized
weight,left,p10,12.0,months,3.68,kg,combined,calhoun2025_digitized
weight,left,p10,13.0,months,3.8,kg,combined,calhoun2025_digitized
weight,left,p10,14.0,months,3.91,kg,combined,calhoun2025_digitized
weight,left,p10,15.0,months,4.03,kg,combined,calhoun2025_digitized
weight,left,p10,16.0,months,4.11,kg,combined,calhoun2025_digitized
weight,left,p10,17.0,months,4.22,kg,combined,calhoun2025_digitized
weight,left,p10,18.0,months,4.32,kg,combined,calhoun2025_digitized
weight,left,p10,19.0,months,4.4,kg,combined,calhoun2025_digitized
weight,left,p10,20.0,months,4.49,kg,combined,calhoun2025_digitized
weight,left,p10,21.0,months,4.59,kg,combined,calhoun2025_digitized
weight,left,p10,22.0,months,4.66,kg,combined,calhoun2025_digitized
weight,left,p10,23.0,months,4.76,kg,combined,calhoun2025_digitized
weight,left,p10,24.0,months,4.84,kg,combined,calhoun2025_digitized
weight,left,p2.5,0.0,months,0.71,kg,combined,calhoun2025_digitized
weight,left,p2.5,1.0,months,0.95,kg,combined,calhoun2025_digitized
weight,left,p2.5,2.0,months,1.14,kg,combined,calhoun2025_digitized
weight,left,p2.5,3.0,months,1.35,kg,combined,calhoun2025_digitized
weight,left,p2.5,4.0,months,1.53,kg,combined,calhoun2025_digitized
weight,left,p2.5,5.0,months,1.7,kg,combined,calhoun2025_digitized
weight,left,p2.5,6.0,months,1.85,kg,combined,calhoun2025_digitized
weight,left,p2.5,7.0,months,2.01,kg,combined,calhoun2025_digitized
weight,left,p2.5,8.0,months,2.15,kg,combined,calhoun2025_digitized
weight,left,p2.5,9.0,months,2.29,kg,combined,calhoun2025_digitized
weight,left,p2.5,10.0,months,2.42,kg,combined,calhoun2025_digitized
weight,left,p2.5,11.0,months,2.54,kg,combined,calhoun2025_digitized
weight,left,p2.5,12.0,months,2.65,kg,combined,calhoun2025_digitized
weight,left,p2.5,13.0,months,2.76,kg,combined,calhoun2025_digitized
weight,left,p2.5,14.0,months,2.85,kg,combined,calhoun2025_digitized
weight,left,p2.5,15.0,months,2.95,kg,combined,calhoun2025_digitized
weight,left,p2.5,16.0,months,3.05,kg,combined,calhoun2025_digitized
weight,left,p2.5,17.0,months,3.14,kg,combined,calhoun2025_digitized
weight,left,p2.5,18.0,months,3.23,kg,combined,calhoun2025_digitized
weight,left,p2.5,19.0,months,3.32,kg,combined,calhoun2025_digitized
weight,left,p2.5,20.0,months,3.41,kg,combined,calhoun2025_digitized
weight,left,p2.5,21.0,months,3.5,kg,combined,calhoun2025_digitized
weight,left,p2.5,22.0,months,3.59,kg,combined,calhoun2025_digitized
weight,left,p2.5,23.0,months,3.67,kg,combined,calhoun2025_digitized
weight,left,p2.5,24.0,months,3.76,kg,combined,calhoun2025_digitized
weight,left,p25,0.0,months,1.57,kg,combined,calhoun2025_digitized
weight,left,p25,1.0,months,2.12,kg,combined,calhoun2025_digitized
weight,left,p25,2.0,months,2.63,kg,combined,calhoun2025_digitized
weight,left,p25,3.0,months,2.94,kg,combined,calhoun2025_digitized
weight,left,p25,4.0,months,3.21,kg,combined,calhoun2025_digitized
weight,left,p25,5.0,months,3.46,kg,combined,calhoun2025_digitized
weight,left,p25,6.0,months,3.65,kg,combined,calhoun2025_digitized
weight,left,p25,7.0,months,3.83,kg,combined,calhoun2025_digitized
weight,left,p25,8.0,months,4.04,kg,combined,calhoun2025_digitized
weight,left,p25,9.0,months,4.19,kg,combined,calhoun2025_digitized
weight,left,p25,10.0,months,4.35,kg,combined,calhoun2025_digitized
weight,left,p25,11.0,months,4.5,kg,combined,calhoun2025_digitized
weight,left,p25,12.0,months,4.63,kg,combined,calhoun2025_digitized
weight,left,p25,13.0,months,4.77,kg,combined,calhoun2025_digitized
weight,left,p25,14.0,months,4.89,kg,combined,calhoun2025_digitized
weight,left,p25,15.0,months,5.01,kg,combined,calhoun2025_digitized
weight,left,p25,16.0,months,5.13,kg,combined,calhoun2025_digitized
weight,left,p25,17.0,months,5.22,kg,combined,calhoun2025_digitized
weight,left,p25,18.0,months,5.32,kg,combined,calhoun2025_digitized
weight,left,p25,19.0,months,5.43,kg,combined,calhoun2025_digitized
weight,left,p25,20.0,months,5.51,kg,combined,calhoun2025_digitized
weight,left,p25,21.0,months,5.61,kg,combined,calhoun2025_digitized
weight,left,p25,22.0,months,5.71,kg,combined,calhoun2025_digitized
weight,left,p25,23.0,months,5.79,kg,combined,calhoun2025_digitized
weight,left,p25,24.0,months,5.87,kg,combined,calhoun2025_digitized
weight,left,p5,0.0,months,1.02,kg,combined,calhoun2025_digitized
weight,left,p5,1.0,months,1.3,kg,combined,calhoun2025_digitized
weight,left,p5,2.0,months,1.55,kg,combined,calhoun2025_digitized
weight,left,p5,3.0,months,1.75,kg,combined,calhoun2025_digitized
weight,left,p5,4.0,months,1.95,kg,combined,calhoun2025_digitized
weight,left,p5,5.0,months,2.12,kg,combined,calhoun2025_digitized
weight,left,p5,6.0,months,2.3,kg,combined,calhoun2025_digitized
weight,left,p5,7.0,months,2.46,kg,combined,calhoun2025_digitized
weight,left,p5,8.0,months,2.62,kg,combined,calhoun2025_digitized
weight,left,p5,9.0,months,2.76,kg,combined,calhoun2025_digitized
weight,left,p5,10.0,months,2.9,kg,combined,calhoun2025_digitized
weight,left,p5,11.0,months,3.01,kg,combined,calhoun2025_digitized
weight,left,p5,12.0,months,3.12,kg,combined,calhoun2025_digitized
weight,left,p5,13.0,months,3.24,kg,combined,calhoun2025_digitized
weight,left,p5,14.0,months,3.34,kg,combined,calhoun2025_digitized
weight,left,p5,15.0,months,3.46,kg,combined,calhoun2025_digitized
weight,left,p5,16.0,months,3.54,kg,combined,calhoun2025_digitized
weight,left,p5,17.0,months,3.64,kg,combined,calhoun2025_digitized
weight,left,p5,18.0,months,3.74,kg,combined,calhoun2025_digitized
weight,left,p5,19.0,months,3.82,kg,combined,calhoun2025_digitized
weight,left,p5,20.0,months,3.91,kg,combined,calhoun2025_digitized
weight,left,p5,21.0,months,4.01,kg,combined,calhoun2025_digitized
weight,left,p5,22.0,months,4.09,kg,combined,calhoun2025_digitized
weight,left,p5,23.0,months,4.19,kg,combined,calhoun2025_digitized
weight,left,p5,24.0,months,4.26,kg,combined,calhoun2025_digitized
weight,left,p50,0.0,months,2.22,kg,combined,calhoun2025_digitized
weight,left,p50,1.0,months,2.77,kg,combined,calhoun2025_digitized
weight,left,p50,2.0,months,3.34,kg,combined,calhoun2025_digitized
weight,left,p50,3.0,months,3.88,kg,combined,calhoun2025_digitized
weight,left,p50,4.0,months,4.35,kg,combined,calhoun2025_digitized
weight,left,p50,5.0,months,4.76,kg,combined,calhoun2025_digitized
weight,left,p50,6.0,months,5.09,kg,combined,calhoun2025_digitized
weight,left,p50,7.0,months,5.35,kg,combined,calhoun2025_digitized
weight,left,p50,8.0,months,5.62,kg,combined,calhoun2025_digitized
weight,left,p50,9.0,months,5.82,kg,combined,calhoun2025_digitized
weight,left,p50,10.0,months,6.03,kg,combined,calhoun2025_digitized
weight,left,p50,11.0,months,6.19,kg,combined,calhoun2025_digitized
weight,left,p50,12.0,months,6.35,kg,combined,calhoun2025_digitized
weight,left,p50,13.0,months,6.54,kg,combined,calhoun2025_digitized
weight,left,p50,14.0,months,6.71,kg,combined,calhoun2025_digitized
weight,left,p50,15.0,months,6.86,kg,combined,calhoun2025_digitized
weight,left,p50,16.0,months,6.97,kg,combined,calhoun2025_digitized
weight,left,p50,17.0,months,7.1,kg,combined,calhoun2025_digitized
weight,left,p50,18.0,months,7.22,kg,combined,calhoun2025_digitized
weight,left,p50,19.0,months,7.32,kg,combined,calhoun2025_digitized
weight,left,p50,20.0,months,7.44,kg,combined,calhoun2025_digitized
weight,left,p50,21.0,months,7.56,kg,combined,calhoun2025_digitized
weight,left,p50,22.0,months,7.62,kg,combined,calhoun2025_digitized
weight,left,p50,23.0,months,7.73,kg,combined,calhoun2025_digitized
weight,left,p50,24.0,months,7.83,kg,combined,calhoun2025_digitized
weight,left,p75,0.0,months,2.84,kg,combined,calhoun2025_digitized
weight,left,p75,1.0,months,3.38,kg,combined,calhoun2025_digitized
weight,left,p75,2.0,months,3.96,kg,combined,calhoun2025_digitized
weight,left,p75,3.0,months,4.52,kg,combined,calhoun2025_digitized
weight,left,p75,4.0,months,5.07,kg,combined,calhoun2025_digitized
weight,left,p75,5.0,months,5.6,kg,combined,calhoun2025_digitized
weight,left,p75,6.0,months,6.06,kg,combined,calhoun2025_digitized
weight,left,p75,7.0,months,6.5,kg,combined,calhoun2025_digitized
weight,left,p75,8.0,months,6.9,kg,combined,calhoun2025_digitized
weight,left,p75,9.0,months,7.25,kg,combined,calhoun2025_digitized
weight,left,p75,10.0,months,7.54,kg,combined,calhoun2025_digitized
weight,left,p75,11.0,months,7.77,kg,combined,calhoun2025_digitized
weight,left,p75,12.0,months,7.99,kg,combined,calhoun2025_digitized
weight,left,p75,13.0,months,8.19,kg,combined,calhoun2025_digitized
weight,left,p75,14.0,months,8.39,kg,combined,calhoun2025_digitized
weight,left,p75,15.0,months,8.57,kg,combined,calhoun2025_digitized
weight,left,p75,16.0,months,8.73,kg,combined,calhoun2025_digitized
weight,left,p75,17.0,months,8.88,kg,combined,calhoun2025_digitized
weight,left,p75,18.0,months,9.03,kg,combined,calhoun2025_digitized
weight,left,p75,19.0,months,9.17,kg,combined,calhoun2025_digitized
weight,left,p75,20.0,months,9.3,kg,combined,calhoun2025_digitized
weight,left,p75,21.0,months,9.43,kg,combined,calhoun2025_digitized
weight,left,p75,22.0,months,9.54,kg,combined,calhoun2025_digitized
weight,left,p75,23.0,months,9.66,kg,combined,calhoun2025_digitized
weight,left,p75,24.0,months,9.76,kg,combined,calhoun2025_digitized
weight,left,p90,0.0,months,3.19,kg,combined,calhoun2025_digitized
weight,left,p90,1.0,months,3.76,kg,combined,calhoun2025_digitized
weight,left,p90,2.0,months,4.33,kg,combined,calhoun2025_digitized
weight,left,p90,3.0,months,4.89,kg,combined,calhoun2025_digitized
weight,left,p90,4.0,months,5.44,kg,combined,calhoun2025_digitized
weight,left,p90,5.0,months,5.94,kg,combined,calhoun2025_digitized
weight,left,p90,6.0,months,6.47,kg,combined,calhoun2025_digitized
weight,left,p90,7.0,months,6.96,kg,combined,calhoun2025_digitized
weight,left,p90,8.0,months,7.41,kg,combined,calhoun2025_digitized
weight,left,p90,9.0,months,7.82,kg,combined,calhoun2025_digitized
weight,left,p90,10.0,months,8.16,kg,combined,calhoun2025_digitized
weight,left,p90,11.0,months,8.47,kg,combined,calhoun2025_digitized
weight,left,p90,12.0,months,8.75,kg,combined,calhoun2025_digitized
weight,left,p90,13.0,months,9.01,kg,combined,calhoun2025_digitized
weight,left,p90,14.0,months,9.23,kg,combined,calhoun2025_digitized
weight,left,p90,15.0,months,9.42,kg,combined,calhoun2025_digitized
weight,left,p90,16.0,months,9.59,kg,combined,calhoun2025_digitized
weight,left,p90,17.0,months,9.79,kg,combined,calhoun2025_digitized
weight,left,p90,18.0,months,9.95,kg,combined,calhoun2025_digitized
weight,left,p90,19.0,months,10.1,kg,combined,calhoun2025_digitized
weight,left,p90,20.0,months,10.25,kg,combined,calhoun2025_digitized
weight,left,p90,21.0,months,10.38,kg,combined,calhoun2025_digitized
weight,left,p90,22.0,months,10.51,kg,combined,calhoun2025_digitized
weight,left,p90,23.0,months,10.64,kg,combined,calhoun2025_digitized
weight,left,p90,24.0,months,10.75,kg,combined,calhoun2025_digitized
weight,left,p95,0.0,months,3.37,kg,combined,calhoun2025_digitized
weight,left,p95,1.0,months,3.93,kg,combined,calhoun2025_digitized
weight,left,p95,2.0,months,4.5,kg,combined,calhoun2025_digitized
weight,left,p95,3.0,months,5.06,kg,combined,calhoun2025_digitized
weight,left,p95,4.0,months,5.62,kg,combined,calhoun2025_digitized
weight,left,p95,5.0,months,6.17,kg,combined,calhoun2025_digitized
weight,left,p95,6.0,months,6.69,kg,combined,calhoun2025_digitized
weight,left,p95,7.0,months,7.17,kg,combined,calhoun2025_digitized
weight,left,p95,8.0,months,7.65,kg,combined,calhoun2025_digitized
weight,left,p95,9.0,months,8.08,kg,combined,calhoun2025_digitized
weight,left,p95,10.0,months,8.48,kg,combined,calhoun2025_digitized
weight,left,p95,11.0,months,8.84,kg,combined,calhoun2025_digitized
weight,left,p95,12.0,months,9.16,kg,combined,calhoun2025_digitized
weight,left,p95,13.0,months,9.43,kg,combined,calhoun2025_digitized
weight,left,p95,14.0,months,9.67,kg,combined,calhoun2025_digitized
weight,left,p95,15.0,months,9.87,kg,combined,calhoun2025_digitized
weight,left,p95,16.0,months,10.09,kg,combined,calhoun2025_digitized
weight,left,p95,17.0,months,10.28,kg,combined,calhoun2025_digitized
weight,left,p95,18.0,months,10.44,kg,combined,calhoun2025_digitized
weight,left,p95,19.0,months,10.63,kg,combined,calhoun2025_digitized
weight,left,p95,20.0,months,10.78,kg,combined,calhoun2025_digitized
weight,left,p95,21.0,months,10.92,kg,combined,calhoun2025_digitized
weight,left,p95,22.0,months,11.06,kg,combined,calhoun2025_digitized
weight,left,p95,23.0,months,11.19,kg,combined,calhoun2025_digitized
weight,left,p95,24.0,months,11.29,kg,combined,calhoun2025_digitized
weight,left,p97.5,0.0,months,3.53,kg,combined,calhoun2025_digitized
weight,left,p97.5,1.0,months,4.08,kg,combined,calhoun2025_digitized
weight,left,p97.5,2.0,months,4.67,kg,combined,calhoun2025_digitized
weight,left,p97.5,3.0,months,5.22,kg,combined,calhoun2025_digitized
weight,left,p97.5,4.0,months,5.78,kg,combined,calhoun2025_digitized
weight,left,p97.5,5.0,months,6.33,kg,combined,calhoun2025_digitized
weight,left,p97.5,6.0,months,6.86,kg,combined,calhoun2025_digitized
weight,left,p97.5,7.0,months,7.36,kg,combined,calhoun2025_digitized
weight,left,p97.5,8.0,months,7.85,kg,combined,calhoun2025_digitized
weight,left,p97.5,9.0,months,8.3,kg,combined,calhoun2025_digitized
weight,left,p97.5,10.0,months,8.73,kg,combined,calhoun2025_digitized
weight,left,p97.5,11.0,months,9.12,kg,combined,calhoun2025_digitized
weight,left,p97.5,12.0,months,9.47,kg,combined,calhoun2025_digitized
weight,left,p97.5,13.0,months,9.79,kg,combined,calhoun2025_digitized
weight,left,p97.5,14.0,months,10.06,kg,combined,calhoun2025_digitized
weight,left,p97.5,15.0,months,10.28,kg,combined,calhoun2025_digitized
weight,left,p97.5,16.0,months,10.5,kg,combined,calhoun2025_digitized
weight,left,p97.5,17.0,months,10.69,kg,combined,calhoun2025_digitized
weight,left,p97.5,18.0,months,10.87,kg,combined,calhoun2025_digitized
weight,left,p97.5,19.0,months,11.06,kg,combined,calhoun2025_digitized
weight,left,p97.5,20.0,months,11.22,kg,combined,calhoun2025_digitized
weight,left,p97.5,21.0,months,11.37,kg,combined,calhoun2025_digitized
weight,left,p97.5,22.0,months,11.52,kg,combined,calhoun2025_digitized
weight,left,p97.5,23.0,months,11.65,kg,combined,calhoun2025_digitized
weight,left,p97.5,24.0,months,11.77,kg,combined,calhoun2025_digitized
weight,right,p10,2.0,years,3.07,kg,combined,calhoun2025_digitized
weight,right,p10,2.5,years,3.81,kg,combined,calhoun2025_digitized
weight,right,p10,3.0,years,4.55,kg,combined,calhoun2025_digitized
weight,right,p10,3.5,years,5.31,kg,combined,calhoun2025_digitized
weight,right,p10,4.0,years,6.08,kg,combined,calhoun2025_digitized
weight,right,p10,4.5,years,6.79,kg,combined,calhoun2025_digitized
weight,right,p10,5.0,years,7.45,kg,combined,calhoun2025_digitized
weight,right,p10,5.5,years,8.27,kg,combined,calhoun2025_digitized
weight,right,p10,6.0,years,8.99,kg,combined,calhoun2025_digitized
weight,right,p10,6.5,years,9.75,kg,combined,calhoun2025_digitized
weight,right,p10,7.0,years,10.47,kg,combined,calhoun2025_digitized
weight,right,p10,7.5,years,11.21,kg,combined,calhoun2025_digitized
weight,right,p10,8.0,years,11.95,kg,combined,calhoun2025_digitized
weight,right,p10,8.5,years,12.71,kg,combined,calhoun2025_digitized
weight,right,p10,9.0,years,13.48,kg,combined,calhoun2025_digitized
weight,right,p10,9.5,years,14.19,kg,combined,calhoun2025_digitized
weight,right,p10,10.0,years,14.96,kg,combined,calhoun2025_digitized
weight,right,p10,10.5,years,15.68,kg,combined,calhoun2025_digitized
weight,right,p10,11.0,years,16.33,kg,combined,calhoun2025_digitized
weight,right,p10,11.5,years,17.15,kg,combined,calhoun2025_digitized
weight,right,p10,12.0,years,17.87,kg,combined,calhoun2025_digitized
weight,right,p10,12.5,years,18.63,kg,combined,calhoun2025_digitized
weight,right,p10,13.0,years,19.39,kg,combined,calhoun2025_digitized
weight,right,p10,13.5,years,20.18,kg,combined,calhoun2025_digitized
weight,right,p10,14.0,years,20.87,kg,combined,calhoun2025_digitized
weight,right,p10,14.5,years,21.63,kg,combined,calhoun2025_digitized
weight,right,p10,15.0,years,22.39,kg,combined,calhoun2025_digitized
weight,right,p10,15.5,years,23.11,kg,combined,calhoun2025_digitized
weight,right,p10,16.0,years,23.88,kg,combined,calhoun2025_digitized
weight,right,p10,16.5,years,24.59,kg,combined,calhoun2025_digitized
weight,right,p10,17.0,years,25.23,kg,combined,calhoun2025_digitized
weight,right,p10,17.5,years,26.07,kg,combined,calhoun2025_digitized
weight,right,p10,18.0,years,26.79,kg,combined,calhoun2025_digitized
weight,right,p2.5,2.0,years,0.52,kg,combined,calhoun2025_digitized
weight,right,p2.5,2.5,years,1.23,kg,combined,calhoun2025_digitized
weight,right,p2.5,3.0,years,2.05,kg,combined,calhoun2025_digitized
weight,right,p2.5,3.5,years,2.76,kg,combined,calhoun2025_digitized
weight,right,p2.5,4.0,years,3.5,kg,combined,calhoun2025_digitized
weight,right,p2.5,4.5,years,4.25,kg,combined,calhoun2025_digitized
weight,right,p2.5,5.0,years,4.93,kg,combined,calhoun2025_digitized
weight,right,p2.5,5.5,years,5.69,kg,combined,calhoun2025_digitized
weight,right,p2.5,6.0,years,6.46,kg,combined,calhoun2025_digitized
weight,right,p2.5,6.5,years,7.18,kg,combined,calhoun2025_digitized
weight,right,p2.5,7.0,years,7.93,kg,combined,calhoun2025_digitized
weight,right,p2.5,7.5,years,8.69,kg,combined,calhoun2025_digitized
weight,right,p2.5,8.0,years,9.44,kg,combined,calhoun2025_digitized
weight,right,p2.5,8.5,years,10.17,kg,combined,calhoun2025_digitized
weight,right,p2.5,9.0,years,10.97,kg,combined,calhoun2025_digitized
weight,right,p2.5,9.5,years,11.64,kg,combined,calhoun2025_digitized
weight,right,p2.5,10.0,years,12.39,kg,combined,calhoun2025_digitized
weight,right,p2.5,10.5,years,13.13,kg,combined,calhoun2025_digitized
weight,right,p2.5,11.0,years,13.84,kg,combined,calhoun2025_digitized
weight,right,p2.5,11.5,years,14.6,kg,combined,calhoun2025_digitized
weight,right,p2.5,12.0,years,15.33,kg,combined,calhoun2025_digitized
weight,right,p2.5,12.5,years,16.09,kg,combined,calhoun2025_digitized
weight,right,p2.5,13.0,years,16.81,kg,combined,calhoun2025_digitized
weight,right,p2.5,13.5,years,17.57,kg,combined,calhoun2025_digitized
weight,right,p2.5,14.0,years,18.34,kg,combined,calhoun2025_digitized
weight,right,p2.5,14.5,years,19.05,kg,combined,calhoun2025_digitized
weight,right,p2.5,15.0,years,19.83,kg,combined,calhoun2025_digitized
weight,right,p2.5,15.5,years,20.49,kg,combined,calhoun2025_digitized
weight,right,p2.5,16.0,years,21.24,kg,combined,calhoun2025_digitized
weight,right,p2.5,16.5,years,22.01,kg,combined,calhoun2025_digitized
weight,right,p2.5,17.0,years,22.76,kg,combined,calhoun2025_digitized
weight,right,p2.5,17.5,years,23.51,kg,combined,calhoun2025_digitized
weight,right,p2.5,18.0,years,24.25,kg,combined,calhoun2025_digitized
weight,right,p25,2.0,years,5.34,kg,combined,calhoun2025_digitized
weight,right,p25,2.5,years,6.1,kg,combined,calhoun2025_digitized
weight,right,p25,3.0,years,6.87,kg,combined,calhoun2025_digitized
weight,right,p25,3.5,years,7.58,kg,combined,calhoun2025_digitized
weight,right,p25,4.0,years,8.29,kg,combined,calhoun2025_digitized
weight,right,p25,4.5,years,9.06,kg,combined,calhoun2025_digitized
weight,right,p25,5.0,years,9.78,kg,combined,calhoun2025_digitized
weight,right,p25,5.5,years,10.55,kg,combined,calhoun2025_digitized
weight,right,p25,6.0,years,11.3,kg,combined,calhoun2025_digitized
weight,right,p25,6.5,years,12.02,kg,combined,calhoun2025_digitized
weight,right,p25,7.0,years,12.75,kg,combined,calhoun2025_digitized
weight,right,p25,7.5,years,13.5,kg,combined,calhoun2025_digitized
weight,right,p25,8.0,years,14.27,kg,combined,calhoun2025_digitized
weight,right,p25,8.5,years,14.98,kg,combined,calhoun2025_digitized
weight,right,p25,9.0,years,15.79,kg,combined,calhoun2025_digitized
weight,right,p25,9.5,years,16.46,kg,combined,calhoun2025_digitized
weight,right,p25,10.0,years,17.15,kg,combined,calhoun2025_digitized
weight,right,p25,10.5,years,17.98,kg,combined,calhoun2025_digitized
weight,right,p25,11.0,years,18.68,kg,combined,calhoun2025_digitized
weight,right,p25,11.5,years,19.45,kg,combined,calhoun2025_digitized
weight,right,p25,12.0,years,20.22,kg,combined,calhoun2025_digitized
weight,right,p25,12.5,years,20.94,kg,combined,calhoun2025_digitized
weight,right,p25,13.0,years,21.66,kg,combined,calhoun2025_digitized
weight,right,p25,13.5,years,22.4,kg,combined,calhoun2025_digitized
weight,right,p25,14.0,years,23.18,kg,combined,calhoun2025_digitized
weight,right,p25,14.5,years,23.9,kg,combined,calhoun2025_digitized
weight,right,p25,15.0,years,24.68,kg,combined,calhoun2025_digitized
weight,right,p25,15.5,years,25.38,kg,combined,calhoun2025_digitized
weight,right,p25,16.0,years,26.05,kg,combined,calhoun2025_digitized
weight,right,p25,16.5,years,26.87,kg,combined,calhoun2025_digitized
weight,right,p25,17.0,years,27.58,kg,combined,calhoun2025_digitized
weight,right,p25,17.5,years,28.35,kg,combined,calhoun2025_digitized
weight,right,p25,18.0,years,29.11,kg,combined,calhoun2025_digitized
weight,right,p5,2.0,years,1.7,kg,combined,calhoun2025_digitized
weight,right,p5,2.5,years,2.46,kg,combined,calhoun2025_digitized
weight,right,p5,3.0,years,3.18,kg,combined,calhoun2025_digitized
weight,right,p5,3.5,years,3.94,kg,combined,calhoun2025_digitized
weight,right,p5,4.0,years,4.66,kg,combined,calhoun2025_digitized
weight,right,p5,4.5,years,5.42,kg,combined,calhoun2025_digitized
weight,right,p5,5.0,years,6.16,kg,combined,calhoun2025_digitized
weight,right,p5,5.5,years,6.9,kg,combined,calhoun2025_digitized
weight,right,p5,6.0,years,7.69,kg,combined,calhoun2025_digitized
weight,right,p5,6.5,years,8.38,kg,combined,calhoun2025_digitized
weight,right,p5,7.0,years,9.14,kg,combined,calhoun2025_digitized
weight,right,p5,7.5,years,9.84,kg,combined,calhoun2025_digitized
weight,right,p5,8.0,years,10.58,kg,combined,calhoun2025_digitized
weight,right,p5,8.5,years,11.34,kg,combined,calhoun2025_digitized
weight,right,p5,9.0,years,12.1,kg,combined,calhoun2025_digitized
weight,right,p5,9.5,years,12.82,kg,combined,calhoun2025_digitized
weight,right,p5,10.0,years,13.56,kg,combined,calhoun2025_digitized
weight,right,p5,10.5,years,14.31,kg,combined,calhoun2025_digitized
weight,right,p5,11.0,years,15.06,kg,combined,calhoun2025_digitized
weight,right,p5,11.5,years,15.78,kg,combined,calhoun2025_digitized
weight,right,p5,12.0,years,16.58,kg,combined,calhoun2025_digitized
weight,right,p5,12.5,years,17.28,kg,combined,calhoun2025_digitized
weight,right,p5,13.0,years,17.95,kg,combined,calhoun2025_digitized
weight,right,p5,13.5,years,18.74,kg,combined,calhoun2025_digitized
weight,right,p5,14.0,years,19.48,kg,combined,calhoun2025_digitized
weight,right,p5,14.5,years,20.26,kg,combined,calhoun2025_digitized
weight,right,p5,15.0,years,20.98,kg,combined,calhoun2025_digitized
weight,right,p5,15.5,years,21.74,kg,combined,calhoun2025_digitized
weight,right,p5,16.0,years,22.46,kg,combined,calhoun2025_digitized
weight,right,p5,16.5,years,23.22,kg,combined,calhoun2025_digitized
weight,right,p5,17.0,years,23.98,kg,combined,calhoun2025_digitized
weight,right,p5,17.5,years,24.68,kg,combined,calhoun2025_digitized
weight,right,p5,18.0,years,25.43,kg,combined,calhoun2025_digitized
weight,right,p50,2.0,years,7.92,kg,combined,calhoun2025_digitized
weight,right,p50,2.5,years,8.63,kg,combined,calhoun2025_digitized
weight,right,p50,3.0,years,9.41,kg,combined,calhoun2025_digitized
weight,right,p50,3.5,years,10.12,kg,combined,calhoun2025_digitized
weight,right,p50,4.0,years,10.85,kg,combined,calhoun2025_digitized
weight,right,p50,4.5,years,11.6,kg,combined,calhoun2025_digitized
weight,right,p50,5.0,years,12.34,kg,combined,calhoun2025_digitized
weight,right,p50,5.5,years,13.09,kg,combined,calhoun2025_digitized
weight,right,p50,6.0,years,13.74,kg,combined,calhoun2025_digitized
weight,right,p50,6.5,years,14.57,kg,combined,calhoun2025_digitized
weight,right,p50,7.0,years,15.32,kg,combined,calhoun2025_digitized
weight,right,p50,7.5,years,16.05,kg,combined,calhoun2025_digitized
weight,right,p50,8.0,years,16.81,kg,combined,calhoun2025_digitized
weight,right,p50,8.5,years,17.56,kg,combined,calhoun2025_digitized
weight,right,p50,9.0,years,18.34,kg,combined,calhoun2025_digitized
weight,right,p50,9.5,years,19.01,kg,combined,calhoun2025_digitized
weight,right,p50,10.0,years,19.76,kg,combined,calhoun2025_digitized
weight,right,p50,10.5,years,20.49,kg,combined,calhoun2025_digitized
weight,right,p50,11.0,years,21.23,kg,combined,calhoun2025_digitized
weight,right,p50,11.5,years,21.97,kg,combined,calhoun2025_digitized
weight,right,p50,12.0,years,22.66,kg,combined,calhoun2025_digitized
weight,right,p50,12.5,years,23.45,kg,combined,calhoun2025_digitized
weight,right,p50,13.0,years,24.21,kg,combined,calhoun2025_digitized
weight,right,p50,13.5,years,24.88,kg,combined,calhoun2025_digitized
weight,right,p50,14.0,years,25.72,kg,combined,calhoun2025_digitized
weight,right,p50,14.5,years,26.41,kg,combined,calhoun2025_digitized
weight,right,p50,15.0,years,27.24,kg,combined,calhoun2025_digitized
weight,right,p50,15.5,years,27.9,kg,combined,calhoun2025_digitized
weight,right,p50,16.0,years,28.65,kg,combined,calhoun2025_digitized
weight,right,p50,16.5,years,29.38,kg,combined,calhoun2025_digitized
weight,right,p50,17.0,years,30.11,kg,combined,calhoun2025_digitized
weight,right,p50,17.5,years,30.87,kg,combined,calhoun2025_digitized
weight,right,p50,18.0,years,31.58,kg,combined,calhoun2025_digitized
weight,right,p75,2.0,years,10.43,kg,combined,calhoun2025_digitized
weight,right,p75,2.5,years,11.15,kg,combined,calhoun2025_digitized
weight,right,p75,3.0,years,11.92,kg,combined,calhoun2025_digitized
weight,right,p75,3.5,years,12.67,kg,combined,calhoun2025_digitized
weight,right,p75,4.0,years,13.44,kg,combined,calhoun2025_digitized
weight,right,p75,4.5,years,14.15,kg,combined,calhoun2025_digitized
weight,right,p75,5.0,years,14.9,kg,combined,calhoun2025_digitized
weight,right,p75,5.5,years,15.63,kg,combined,calhoun2025_digitized
weight,right,p75,6.0,years,16.3,kg,combined,calhoun2025_digitized
weight,right,p75,6.5,years,17.11,kg,combined,calhoun2025_digitized
weight,right,p75,7.0,years,17.83,kg,combined,calhoun2025_digitized
weight,right,p75,7.5,years,18.59,kg,combined,calhoun2025_digitized
weight,right,p75,8.0,years,19.32,kg,combined,calhoun2025_digitized
weight,right,p75,8.5,years,20.07,kg,combined,calhoun2025_digitized
weight,right,p75,9.0,years,20.83,kg,combined,calhoun2025_digitized
weight,right,p75,9.5,years,21.55,kg,combined,calhoun2025_digitized
weight,right,p75,10.0,years,22.35,kg,combined,calhoun2025_digitized
weight,right,p75,10.5,years,23.04,kg,combined,calhoun2025_digitized
weight,right,p75,11.0,years,23.8,kg,combined,calhoun2025_digitized
weight,right,p75,11.5,years,24.52,kg,combined,calhoun2025_digitized
weight,right,p75,12.0,years,25.2,kg,combined,calhoun2025_digitized
weight,right,p75,12.5,years,26.0,kg,combined,calhoun2025_digitized
weight,right,p75,13.0,years,26.76,kg,combined,calhoun2025_digitized
weight,right,p75,13.5,years,27.48,kg,combined,calhoun2025_digitized
weight,right,p75,14.0,years,28.24,kg,combined,calhoun2025_digitized
weight,right,p75,14.5,years,28.99,kg,combined,calhoun2025_digitized
weight,right,p75,15.0,years,29.72,kg,combined,calhoun2025_digitized
weight,right,p75,15.5,years,30.44,kg,combined,calhoun2025_digitized
weight,right,p75,16.0,years,31.24,kg,combined,calhoun2025_digitized
weight,right,p75,16.5,years,31.93,kg,combined,calhoun2025_digitized
weight,right,p75,17.0,years,32.61,kg,combined,calhoun2025_digitized
weight,right,p75,17.5,years,33.42,kg,combined,calhoun2025_digitized
weight,right,p75,18.0,years,34.12,kg,combined,calhoun2025_digitized
weight,right,p90,2.0,years,12.7,kg,combined,calhoun2025_digitized
weight,right,p90,2.5,years,13.44,kg,combined,calhoun2025_digitized
weight,right,p90,3.0,years,14.26,kg,combined,calhoun2025_digitized
weight,right,p90,3.5,years,14.93,kg,combined,calhoun2025_digitized
weight,right,p90,4.0,years,15.68,kg,combined,calhoun2025_digitized
weight,right,p90,4.5,years,16.42,kg,combined,calhoun2025_digitized
weight,right,p90,5.0,years,17.13,kg,combined,calhoun2025_digitized
weight,right,p90,5.5,years,17.9,kg,combined,calhoun2025_digitized
weight,right,p90,6.0,years,18.64,kg,combined,calhoun2025_digitized
weight,right,p90,6.5,years,19.4,kg,combined,calhoun2025_digitized
weight,right,p90,7.0,years,20.14,kg,combined,calhoun2025_digitized
weight,right,p90,7.5,years,20.87,kg,combined,calhoun2025_digitized
weight,right,p90,8.0,years,21.63,kg,combined,calhoun2025_digitized
weight,right,p90,8.5,years,22.35,kg,combined,calhoun2025_digitized
weight,right,p90,9.0,years,23.16,kg,combined,calhoun2025_digitized
weight,right,p90,9.5,years,23.83,kg,combined,calhoun2025_digitized
weight,right,p90,10.0,years,24.47,kg,combined,calhoun2025_digitized
weight,right,p90,10.5,years,25.34,kg,combined,calhoun2025_digitized
weight,right,p90,11.0,years,26.03,kg,combined,calhoun2025_digitized
weight,right,p90,11.5,years,26.8,kg,combined,calhoun2025_digitized
weight,right,p90,12.0,years,27.55,kg,combined,calhoun2025_digitized
weight,right,p90,12.5,years,28.31,kg,combined,calhoun2025_digitized
weight,right,p90,13.0,years,29.03,kg,combined,calhoun2025_digitized
weight,right,p90,13.5,years,29.77,kg,combined,calhoun2025_digitized
weight,right,p90,14.0,years,30.53,kg,combined,calhoun2025_digitized
weight,right,p90,14.5,years,31.26,kg,combined,calhoun2025_digitized
weight,right,p90,15.0,years,32.07,kg,combined,calhoun2025_digitized
weight,right,p90,15.5,years,32.75,kg,combined,calhoun2025_digitized
weight,right,p90,16.0,years,33.49,kg,combined,calhoun2025_digitized
weight,right,p90,16.5,years,34.23,kg,combined,calhoun2025_digitized
weight,right,p90,17.0,years,34.94,kg,combined,calhoun2025_digitized
weight,right,p90,17.5,years,35.9,kg,combined,calhoun2025_digitized
weight,right,p90,18.0,years,37.06,kg,combined,calhoun2025_digitized
weight,right,p95,2.0,years,14.11,kg,combined,calhoun2025_digitized
weight,right,p95,2.5,years,14.83,kg,combined,calhoun2025_digitized
weight,right,p95,3.0,years,15.56,kg,combined,calhoun2025_digitized
weight,right,p95,3.5,years,16.31,kg,combined,calhoun2025_digitized
weight,right,p95,4.0,years,17.05,kg,combined,calhoun2025_digitized
weight,right,p95,4.5,years,17.8,kg,combined,calhoun2025_digitized
weight,right,p95,5.0,years,18.54,kg,combined,calhoun2025_digitized
weight,right,p95,5.5,years,19.24,kg,combined,calhoun2025_digitized
weight,right,p95,6.0,years,20.02,kg,combined,calhoun2025_digitized
weight,right,p95,6.5,years,20.76,kg,combined,calhoun2025_digitized
weight,right,p95,7.0,years,21.52,kg,combined,calhoun2025_digitized
weight,right,p95,7.5,years,22.26,kg,combined,calhoun2025_digitized
weight,right,p95,8.0,years,22.99,kg,combined,calhoun2025_digitized
weight,right,p95,8.5,years,23.72,kg,combined,calhoun2025_digitized
weight,right,p95,9.0,years,24.44,kg,combined,calhoun2025_digitized
weight,right,p95,9.5,years,25.2,kg,combined,calhoun2025_digitized
weight,right,p95,10.0,years,25.96,kg,combined,calhoun2025_digitized
weight,right,p95,10.5,years,26.68,kg,combined,calhoun2025_digitized
weight,right,p95,11.0,years,27.44,kg,combined,calhoun2025_digitized
weight,right,p95,11.5,years,28.17,kg,combined,calhoun2025_digitized
weight,right,p95,12.0,years,28.92,kg,combined,calhoun2025_digitized
weight,right,p95,12.5,years,29.66,kg,combined,calhoun2025_digitized
weight,right,p95,13.0,years,30.43,kg,combined,calhoun2025_digitized
weight,right,p95,13.5,years,31.15,kg,combined,calhoun2025_digitized
weight,right,p95,14.0,years,31.88,kg,combined,calhoun2025_digitized
weight,right,p95,14.5,years,32.63,kg,combined,calhoun2025_digitized
weight,right,p95,15.0,years,33.32,kg,combined,calhoun2025_digitized
weight,right,p95,15.5,years,34.12,kg,combined,calhoun2025_digitized
weight,right,p95,16.0,years,34.88,kg,combined,calhoun2025_digitized
weight,right,p95,16.5,years,35.75,kg,combined,calhoun2025_digitized
weight,right,p95,17.0,years,36.87,kg,combined,calhoun2025_digitized
weight,right,p95,17.5,years,38.27,kg,combined,calhoun2025_digitized
weight,right,p95,18.0,years,40.14,kg,combined,calhoun2025_digitized
weight,right,p97.5,2.0,years,15.29,kg,combined,calhoun2025_digitized
weight,right,p97.5,2.5,years,16.01,kg,combined,calhoun2025_digitized
weight,right,p97.5,3.0,years,16.73,kg,combined,calhoun2025_digitized
weight,right,p97.5,3.5,years,17.52,kg,combined,calhoun2025_digitized
weight,right,p97.5,4.0,years,18.29,kg,combined,calhoun2025_digitized
weight,right,p97.5,4.5,years,19.01,kg,combined,calhoun2025_digitized
weight,right,p97.5,5.0,years,19.67,kg,combined,calhoun2025_digitized
weight,right,p97.5,5.5,years,20.45,kg,combined,calhoun2025_digitized
weight,right,p97.5,6.0,years,21.17,kg,combined,calhoun2025_digitized
weight,right,p97.5,6.5,years,21.97,kg,combined,calhoun2025_digitized
weight,right,p97.5,7.0,years,22.65,kg,combined,calhoun2025_digitized
weight,right,p97.5,7.5,years,23.43,kg,combined,calhoun2025_digitized
weight,right,p97.5,8.0,years,24.17,kg,combined,calhoun2025_digitized
weight,right,p97.5,8.5,years,24.94,kg,combined,calhoun2025_digitized
weight,right,p97.5,9.0,years,25.62,kg,combined,calhoun2025_digitized
weight,right,p97.5,9.5,years,26.41,kg,combined,calhoun2025_digitized
weight,right,p97.5,10.0,years,27.17,kg,combined,calhoun2025_digitized
weight,right,p97.5,10.5,years,27.86,kg,combined,calhoun2025_digitized
weight,right,p97.5,11.0,years,28.58,kg,combined,calhoun2025_digitized
weight,right,p97.5,11.5,years,29.37,kg,combined,calhoun2025_digitized
weight,right,p97.5,12.0,years,30.09,kg,combined,calhoun2025_digitized
weight,right,p97.5,12.5,years,30.83,kg,combined,calhoun2025_digitized
weight,right,p97.5,13.0,years,31.58,kg,combined,calhoun2025_digitized
weight,right,p97.5,13.5,years,32.33,kg,combined,calhoun2025_digitized
weight,right,p97.5,14.0,years,33.09,kg,combined,calhoun2025_digitized
weight,right,p97.5,14.5,years,33.81,kg,combined,calhoun2025_digitized
weight,right,p97.5,15.0,years,34.55,kg,combined,calhoun2025_digitized
weight,right,p97.5,15.5,years,35.34,kg,combined,calhoun2025_digitized
weight,right,p97.5,16.0,years,36.38,kg,combined,calhoun2025_digitized
weight,right,p97.5,16.5,years,37.66,kg,combined,calhoun2025_digitized
weight,right,p97.5,17.0,years,39.38,kg,combined,calhoun2025_digitized
weight,right,p97.5,17.5,years,41.48,kg,combined,calhoun2025_digitized
weight,right,p97.5,18.0,years,44.29,kg,combined,calhoun2025_digitized
